"Discovery_ID","Discovery_category","Finding","Graph_pattern","Supporting_CQ","Supporting_materials","Record_IDs","Evidence_IDs","Supporting_count","Evidence_strength_profile","Evidence_gap","Interpretation_boundary"
"D001","Complete design motif","24个Study/Material满足MaterialPlatform→RESPONDS_TO→Stimulus + TARGETS→TargetCell + PROMOTES→RegenerativeEndpoint。","MaterialPlatform→RESPONDS_TO→Stimulus + TARGETS→TargetCell + PROMOTES→RegenerativeEndpoint","CQ01","3D-printed titanium scaffolds coated with a multifunctional photothermal-responsive hydrogel; ASD all-in-one smart hydrogel dressing; CCM@CS-HG hydrogel; EGCG@MAB hydrogel; Electrostatically co-assembled extracellular-vesicle-infused hydrogel; EMHS HxMoO3-loaded bone-targeting lipid nanoparticles; GBC@PNA sono-piezoelectric scaffold; GLRX3+ extracellular-vesicle redox-modulatory hydrogel; HPQ@K superlubricative drug-delivery nanoparticles; HPTC ECM-mimetic injectable hydrogel; HydroWrap hydrogen-sulfide-delivery hydrogel; MMZ@Si–P53 hydrogel; MRRH@UB multilayer ROS-responsive hydrogel; Multifunctional pH-responsive microneedles; Multimodal ROS-logic-gated therapeutic platform; NADH-oxidase nanozyme; Nanocatalytic MOF-coated titanium implant; PDA@RES NIR-responsive core–shell nanoplatform; PTHrP supramolecular-peptide-loaded dual-network hydrogel; QCS-OST@Exos self-healing hydrogel; Quercetin/HA-loaded TG-18 hydrogel; Smart spatiotemporal drug-delivery hydrogels; YDC-Gel-Zn pseudo-mussel-foot-protein hydrogel adhesive; ZIF-8/resveratrol nanoformulation","FS0487; FS0810; FS0036; FS0490; FS0135; FS1052; FS0454; FS0913; FS0142; FS1054; FS0472; FS0296; FS0009; FS0346; FS0400; FS0356; FS0834; FS0402; FS0270; FS0704; FS0657; FS0248; FS0112; FS0538","EV000020; EV000021; EV000084; EV000086; EV000087; EV000088; EV000275; EV000276; EV000353; EV000355; EV000366; EV000367; EV000368; EV000645; EV000646; EV000647; EV000676; EV000678; EV000736; EV000737; EV000738; EV000868; EV000869; EV000883; EV000884; EV000885; EV001034; EV001036; EV001037; EV001044; EV001045; EV001162; EV001163; EV001164; EV001224; EV001226; EV001244; EV001245; EV001246; EV001259; EV001260; EV001261; EV001333; EV001334; EV001335; EV001336; EV001337; EV001338; EV001441; EV001443; EV001444; EV001471; EV001472; EV001473; EV001563; EV001568; EV001581; EV001582; EV001635; EV001636; EV001637; EV001699; EV001700; EV001701; EV001708; EV001709; EV001715; EV001747; EV001767; EV001773; EV001783; EV001786; EV001795; EV001811; EV001813; EV001814; EV001817; EV001828; EV001836; EV001841; EV001844; EV001851; EV001853; EV001863; EV001865; EV001881; EV001904; EV001906",24,"High=77; Medium=11; Low=0",,"仅描述冻结canonical SUPPORTED边的共现，不推断因果、疗效优越性或未验证关系。"
"D002","Stimulus–release motif","17个Study/Material满足RESPONDS_TO + RELEASES。","RESPONDS_TO + RELEASES","CQ02","ASD all-in-one smart hydrogel dressing; Asp10SAC4A supramolecular senolytic nanoplatform; CCM@CS-HG hydrogel; F@GP galactose-modified Fe3O4-loaded PLGA nanoparticles; Fisetin-functionalized photoresponsive DNA nanocage; FMAG nanoplatform; GPQ pH-responsive anti-senescence hydrogel; HydroWrap hydrogen-sulfide-delivery hydrogel; Locally activated TGF-β3/MgSi immunoregulatory nanofiber patch; LT-NPs nanoplatform; MPN/BMP@HA hydrogel; Multimodal ROS-logic-gated therapeutic platform; OGPQ/G-NZ quercetin–greigite nanozyme hydrogel; PCC1/PHCF-Gel senolytic hydrogel; Quercetin/HA-loaded TG-18 hydrogel; Self-healing hydrogels loaded with Spatholobi Caulis; TT@P-Gel hydrogel","FS0810; FS0067; FS0036; FS0534; FS0223; FS0399; FS0232; FS0472; FS0105; FS0462; FS0020; FS0400; FS0133; FS0247; FS0657; FS0428; FS0147","EV000042; EV000085; EV000086; EV000087; EV000163; EV000164; EV000165; EV000251; EV000337; EV000374; EV000375; EV000560; EV000561; EV000590; EV000636; EV000637; EV001025; EV001035; EV001036; EV001088; EV001192; EV001193; EV001225; EV001318; EV001319; EV001442; EV001564; EV001565; EV001566; EV001567; EV001719; EV001740; EV001744; EV001745; EV001763; EV001791; EV001800; EV001811; EV001828; EV001836; EV001890; EV001891",17,"High=38; Medium=4; Low=0",,"仅描述冻结canonical SUPPORTED边的共现，不推断因果、疗效优越性或未验证关系。"
"D003","Stimulus–mechanism–regeneration","12个Study/Material满足RESPONDS_TO + MODULATES + PROMOTES。","RESPONDS_TO + MODULATES + PROMOTES","CQ03","3D-printed titanium scaffolds coated with a multifunctional photothermal-responsive hydrogel; CCM@CS-HG hydrogel; EGCG@MAB hydrogel; EMHS HxMoO3-loaded bone-targeting lipid nanoparticles; GLRX3+ extracellular-vesicle redox-modulatory hydrogel; HPQ@K superlubricative drug-delivery nanoparticles; HydroWrap hydrogen-sulfide-delivery hydrogel; MMZ@Si–P53 hydrogel; Multifunctional pH-responsive microneedles; Multimodal ROS-logic-gated therapeutic platform; PDA@RES NIR-responsive core–shell nanoplatform; Smart spatiotemporal drug-delivery hydrogels","FS0487; FS0036; FS0490; FS1052; FS0913; FS0142; FS0472; FS0296; FS0346; FS0400; FS0402; FS0248","EV000083; EV000084; EV000086; EV000087; EV000365; EV000366; EV000367; EV000644; EV000645; EV000735; EV000736; EV000867; EV000868; EV001033; EV001034; EV001036; EV001043; EV001044; EV001223; EV001224; EV001243; EV001244; EV001258; EV001259; EV001260; EV001634; EV001635; EV001698; EV001699; EV001747; EV001767; EV001773; EV001783; EV001795; EV001811; EV001813; EV001814; EV001844; EV001863; EV001881; EV001904",12,"High=28; Medium=13; Low=0",,"仅描述冻结canonical SUPPORTED边的共现，不推断因果、疗效优越性或未验证关系。"
"D004","Cell–mechanism–regeneration","35个Study/Material满足TARGETS + MODULATES + PROMOTES。","TARGETS + MODULATES + PROMOTES","CQ05","3D-printed PCL/nHA/SA/COL loaded with M2 macrophage-derived exosomes; 3D-printed titanium scaffolds coated with a multifunctional photothermal-responsive hydrogel; A20-CRISPRa injectable microspheres; ABT-263-loaded asymmetric composite wound dressing; α-Arbutin-crosslinked chitosan/gelatin film; α-Klotho gene-activated scaffold; Antibody-functionalized copper-sulfate nanoparticles; Calcium-silicate ion-releasing biomaterial; CAP-CD56+CD271+ BMSC-exosome-loaded PVA/SA hydrogel; CCM@CS-HG hydrogel; CeO2 nanozymes; Cerium-oxide-nanoparticle-carrying hUCMSCs; EGCG@MAB hydrogel; EMHS HxMoO3-loaded bone-targeting lipid nanoparticles; Gelatin-microcarrier-based MSC microtissues; GLRX3+ extracellular-vesicle redox-modulatory hydrogel; GM-Gel glycyrrhizic-acid-microsphere-loaded GEP/chitosan hydrogel; HPQ@K superlubricative drug-delivery nanoparticles; HydroWrap hydrogen-sulfide-delivery hydrogel; Lesion-localized hydrogels functionalized with engineered extracellular matrix; Lycium barbarum-derived carbon dots; miR-29b-5p-loaded stem-cell-homing hydrogel; MMZ@Si–P53 hydrogel; MOTS-c-modified functional self-assembly peptide hydrogels; Multifunctional pH-responsive microneedles; Multimodal ROS-logic-gated therapeutic platform; Nanoceria-infused PCL nanofibrous scaffold; Orbital hybridization-mediated nanozymes; PAA–EDA-grafted porous PEEK scaffold; PDA@RES NIR-responsive core–shell nanoplatform; PEG-HS/TiO2 nanocomposite; Senescence-targeted NAD+-dependent SIRT1-activating nanoplatform; Smart spatiotemporal drug-delivery hydrogels; YBEV-loaded GelMA hydrogel; Zn@MOF-gel dual-polyphenol ECM-mimetic hydrogel","FS0082; FS0487; FS0136; FS0207; FS0384; FS0598; FS0765; FS0783; FS0322; FS0036; FS0436; FS0709; FS0490; FS1052; FS0738; FS0913; FS0122; FS0142; FS0472; FS0279; FS0624; FS0696; FS0296; FS0338; FS0346; FS0400; FS0282; FS0283; FS0043; FS0402; FS0238; FS0350; FS0248; FS0226; FS0222","EV000083; EV000084; EV000088; EV000108; EV000109; EV000110; EV000200; EV000201; EV000203; EV000204; EV000305; EV000306; EV000307; EV000358; EV000359; EV000360; EV000365; EV000366; EV000368; EV000515; EV000516; EV000517; EV000518; EV000519; EV000548; EV000549; EV000550; EV000566; EV000567; EV000568; EV000602; EV000603; EV000604; EV000605; EV000644; EV000645; EV000646; EV000647; EV000691; EV000692; EV000693; EV000700; EV000701; EV000702; EV000708; EV000709; EV000710; EV000711; EV000735; EV000736; EV000737; EV000738; EV000801; EV000802; EV000804; EV000805; EV000847; EV000848; EV000849; EV000850; EV000867; EV000868; EV000869; EV000879; EV000880; EV000881; EV000963; EV000964; EV000965; EV000966; EV001033; EV001034; EV001037; EV001043; EV001044; EV001045; EV001109; EV001110; EV001111; EV001112; EV001223; EV001224; EV001226; EV001243; EV001244; EV001245; EV001246; EV001258; EV001259; EV001261; EV001385; EV001386; EV001387; EV001388; EV001394; EV001395; EV001396; EV001461; EV001462; EV001463; EV001481; EV001482; EV001483; EV001508; EV001509; EV001510; EV001518; EV001519; EV001520; EV001521; EV001533; EV001534; EV001535; EV001634; EV001635; EV001636; EV001637; EV001698; EV001699; EV001700; EV001701",35,"High=85; Medium=33; Low=3",,"仅描述冻结canonical SUPPORTED边的共现，不推断因果、疗效优越性或未验证关系。"
"D005","Mechanism with animal in vivo validation","37个Study/Material满足MODULATES + PROMOTES + VALIDATED_AT[Small Animal or Large Animal]。","MODULATES + PROMOTES + VALIDATED_AT[Small Animal or Large Animal]","CQ10","3D-printed PCL/nHA/SA/COL loaded with M2 macrophage-derived exosomes; 3D-printed titanium scaffolds coated with a multifunctional photothermal-responsive hydrogel; A20-CRISPRa injectable microspheres; ABT-263-loaded asymmetric composite wound dressing; α-Arbutin-crosslinked chitosan/gelatin film; Antibody-functionalized copper-sulfate nanoparticles; Calcium-silicate ion-releasing biomaterial; CAP-CD56+CD271+ BMSC-exosome-loaded PVA/SA hydrogel; CCM@CS-HG hydrogel; CeO2 nanozymes; Cerium-oxide-nanoparticle-carrying hUCMSCs; EGCG@MAB hydrogel; EMHS HxMoO3-loaded bone-targeting lipid nanoparticles; Gelatin-microcarrier-based MSC microtissues; GG-5SS strontium-silicate hydrogel scaffold; GLRX3+ extracellular-vesicle redox-modulatory hydrogel; GM-Gel glycyrrhizic-acid-microsphere-loaded GEP/chitosan hydrogel; GO/FeSe2 bio-heterojunction; GP@MgO asymmetric short-fiber aerogel; HPQ@K superlubricative drug-delivery nanoparticles; HydroWrap hydrogen-sulfide-delivery hydrogel; Lesion-localized hydrogels functionalized with engineered extracellular matrix; Lycium barbarum-derived carbon dots; Magnesium-containing bioceramics stimulate exosomal miR-196a-5p secretion; miR-29b-5p-loaded stem-cell-homing hydrogel; MMZ@Si–P53 hydrogel; MOTS-c-modified functional self-assembly peptide hydrogels; Multifunctional pH-responsive microneedles; Multimodal ROS-logic-gated therapeutic platform; Orbital hybridization-mediated nanozymes; PAA–EDA-grafted porous PEEK scaffold; PDA@RES NIR-responsive core–shell nanoplatform; PEG-HS/TiO2 nanocomposite; Senescence-targeted NAD+-dependent SIRT1-activating nanoplatform; Smart spatiotemporal drug-delivery hydrogels; YBEV-loaded GelMA hydrogel; Zn@MOF-gel dual-polyphenol ECM-mimetic hydrogel","FS0082; FS0487; FS0136; FS0207; FS0384; FS0765; FS0783; FS0322; FS0036; FS0436; FS0709; FS0490; FS1052; FS0738; FS0188; FS0913; FS0122; FS0048; FS0093; FS0142; FS0472; FS0279; FS0624; FS0311; FS0696; FS0296; FS0338; FS0346; FS0400; FS0283; FS0043; FS0402; FS0238; FS0350; FS0248; FS0226; FS0222","EV000083; EV000084; EV000108; EV000109; EV000128; EV000129; EV000132; EV000200; EV000201; EV000208; EV000227; EV000228; EV000233; EV000305; EV000306; EV000310; EV000358; EV000359; EV000365; EV000366; EV000486; EV000487; EV000515; EV000516; EV000521; EV000548; EV000549; EV000554; EV000566; EV000567; EV000571; EV000602; EV000603; EV000644; EV000645; EV000651; EV000691; EV000692; EV000697; EV000708; EV000709; EV000735; EV000736; EV000740; EV000779; EV000780; EV000783; EV000801; EV000802; EV000808; EV000847; EV000848; EV000853; EV000867; EV000868; EV000873; EV000879; EV000880; EV000963; EV000964; EV000968; EV001033; EV001034; EV001043; EV001044; EV001048; EV001109; EV001110; EV001223; EV001224; EV001229; EV001243; EV001244; EV001251; EV001258; EV001259; EV001264; EV001394; EV001395; EV001397; EV001461; EV001462; EV001466; EV001481; EV001482; EV001484; EV001508; EV001509; EV001513; EV001518; EV001519; EV001523; EV001533; EV001534; EV001634; EV001635; EV001640; EV001698; EV001699; EV001706; EV001722; EV001727; EV001746; EV001748; EV001761; EV001764; EV001771; EV001793; EV001858; EV001859; EV001874; EV001884; EV001899",37,"High=81; Medium=30; Low=2",,"仅描述冻结canonical SUPPORTED边的共现，不推断因果、疗效优越性或未验证关系。"
"D006","Multi-cargo design","2个Study/Material满足count(DISTINCT DELIVERS target)≥2 + PROMOTES。","count(DISTINCT DELIVERS target)≥2 + PROMOTES","CQ08","ASD all-in-one smart hydrogel dressing; FGF-4/IGF-1-loaded cationic thermosensitive polymer scaffold","FS0810; FS0213","EV000532; EV000533; EV000535; EV001560; EV001561; EV001562; EV001563",2,"High=6; Medium=1; Low=0",,"仅描述冻结canonical SUPPORTED边的共现，不推断因果、疗效优越性或未验证关系。"
"D007","Multi-cell mechanism","30个Study/Material满足count(DISTINCT TARGETS target)≥2 + MODULATES。","count(DISTINCT TARGETS target)≥2 + MODULATES","CQ09","3D-printed PCL/nHA/SA/COL loaded with M2 macrophage-derived exosomes; 3D-printed titanium scaffolds coated with a multifunctional photothermal-responsive hydrogel; AAV-loaded extracellular-vesicle biomimetic gene-delivery system; ABT-263-loaded asymmetric composite wound dressing; α-Arbutin-crosslinked chitosan/gelatin film; α-Klotho gene-activated scaffold; Antibody-functionalized copper-sulfate nanoparticles; Baghdadite Ceramics; Biomimetic hydrogel delivers engineered exosomes; CAP-CD56+CD271+ BMSC-exosome-loaded PVA/SA hydrogel; CeO2 nanozymes; Collagen-coated polyacrylamide hydrogels; D-EV-loaded thermosensitive injectable hydrogel; Dual-drug-encapsulated liposomal nanoparticles; EMHS HxMoO3-loaded bone-targeting lipid nanoparticles; GLRX3+ extracellular-vesicle redox-modulatory hydrogel; HIF1A@NNP nanoplatform; Honey-incorporated electrospun nanofiber membrane; IL37OI@MS responsive hydrogel microspheres; MMZ@Si–P53 hydrogel; MOTS-c-modified functional self-assembly peptide hydrogels; NH@K nanozyme-reinforced hydrogel; Orbital hybridization-mediated nanozymes; PEG-HS/TiO2 nanocomposite; Quercetin-treated human-auricular-chondrocyte/GelMA construct; Ruxolitinib-loaded hierarchically biomimetic nanostructural scaffold; Smart spatiotemporal drug-delivery hydrogels; Synovium-targeting senolytic liposomes plus M2-macrophage exosomes; TA-PFC/PCK fiber scaffold; TSH-Q quercetin-loaded temperature-sensitive hydrogel","FS0082; FS0487; FS0326; FS0207; FS0384; FS0598; FS0765; FS0642; FS0446; FS0322; FS0436; FS0450; FS0178; FS0912; FS1052; FS0913; FS0430; FS0916; FS0166; FS0296; FS0338; FS0114; FS0283; FS0238; FS0244; FS0788; FS0248; FS0278; FS0439; FS0090","EV000200; EV000203; EV000204; EV000217; EV000219; EV000220; EV000221; EV000288; EV000289; EV000290; EV000421; EV000422; EV000423; EV000424; EV000445; EV000447; EV000448; EV000515; EV000517; EV000518; EV000519; EV000602; EV000604; EV000605; EV000627; EV000628; EV000629; EV000644; EV000646; EV000647; EV000684; EV000685; EV000686; EV000708; EV000710; EV000711; EV000735; EV000737; EV000738; EV000801; EV000804; EV000805; EV000820; EV000821; EV000822; EV000847; EV000849; EV000850; EV000963; EV000965; EV000966; EV001093; EV001094; EV001095; EV001109; EV001111; EV001112; EV001122; EV001123; EV001124; EV001125; EV001135; EV001136; EV001137; EV001148; EV001149; EV001150; EV001243; EV001245; EV001246; EV001385; EV001387; EV001388; EV001409; EV001410; EV001411; EV001518; EV001520; EV001521; EV001536; EV001537; EV001538; EV001628; EV001629; EV001630; EV001634; EV001636; EV001637; EV001643; EV001645; EV001646; EV001698; EV001700; EV001701",30,"High=61; Medium=28; Low=5",,"仅描述冻结canonical SUPPORTED边的共现，不推断因果、疗效优越性或未验证关系。"
"D008","Validated-core missing regeneration link after stimulus–target evidence","25个Study/Material具有现有SUPPORTED路径但缺少SUPPORTED PROMOTES边。","RESPONDS_TO; TARGETS; NOT PROMOTES","CQ11","Active Magnesium Boride/Alginate Hydrogels; Asp10SAC4A supramolecular senolytic nanoplatform; D-EV-loaded thermosensitive injectable hydrogel; F@GP galactose-modified Fe3O4-loaded PLGA nanoparticles; Fisetin-functionalized photoresponsive DNA nanocage; FMAG nanoplatform; GPQ pH-responsive anti-senescence hydrogel; HG-QNT nanocomposite hydrogel; Hydrogel-coated micro/nanostructured titanium implant; ICAM1-directed MnO2@ZIF8/Tanshinone-IIA nanoplatform; IL37OI@MS responsive hydrogel microspheres; Immunomodulating regenerating hydrogel; Iron oxide nanoparticles-driven mitochondrial renewal; Locally activated TGF-β3/MgSi immunoregulatory nanofiber patch; LT-NPs nanoplatform; OGPQ/G-NZ quercetin–greigite nanozyme hydrogel; OSK-protein-delivery and inflammatory-niche-remodeling platform; PCC1/PHCF-Gel senolytic hydrogel; Polyphenol-armored miR-140-5p nanogene-loaded bioadhesive hydrogel; Se/PRP-OGel hydrogel; Self-healing hydrogels loaded with Spatholobi Caulis; Self-powered triboelectric-responsive EV-releasing microneedles; Senile-osteoporosis titanium implant; Senolytic/proangiogenic smart hydrogel-coated implant; TT@P-Gel hydrogel","FS0461; FS0067; FS0178; FS0534; FS0223; FS0399; FS0232; FS0312; FS0173; FS0183; FS0166; FS0252; FS0038; FS0105; FS0462; FS0133; FS0308; FS0247; FS0056; FS0148; FS0428; FS0073; FS0419; FS0392; FS0147","EV000092; EV000093; EV000094; EV000143; EV000165; EV000166; EV000175; EV000252; EV000253; EV000338; EV000375; EV000376; EV000385; EV000422; EV000423; EV000424; EV000440; EV000441; EV000446; EV000447; EV000448; EV000454; EV000455; EV000561; EV000562; EV000591; EV000637; EV000638; EV000639; EV000656; EV000657; EV000765; EV000766; EV000788; EV000993; EV001026; EV001076; EV001077; EV001089; EV001184; EV001193; EV001194; EV001195; EV001319; EV001320; EV001723; EV001730; EV001733; EV001740; EV001744; EV001745; EV001749; EV001753; EV001755; EV001763; EV001789; EV001791; EV001800; EV001872; EV001887; EV001890; EV001891",25,"High=53; Medium=9; Low=0","Validated-core missing link: no SUPPORTED PROMOTES edge.","缺少SUPPORTED edge不等于论文绝对没有相关实验或讨论。"
"D009","Validated-core missing regeneration link","42个Study/Material具有现有SUPPORTED路径但缺少SUPPORTED PROMOTES边。","TARGETS; MODULATES; NOT PROMOTES","CQ12","A-Lipo/PAHM lesion-localized hydrogel microspheres; AAV-loaded extracellular-vesicle biomimetic gene-delivery system; Active Magnesium Boride/Alginate Hydrogels; Baghdadite Ceramics; Biomimetic hydrogel delivers engineered exosomes; Collagen-coated polyacrylamide hydrogels; Curcumin-loaded liposomes; D-EV-loaded thermosensitive injectable hydrogel; Dual-drug-encapsulated liposomal nanoparticles; Extracellular-vesicle-conjugated functional-matrix hydrogel; FN9-10ELP extracellular-matrix-mimetic fusion protein; HG-QNT nanocomposite hydrogel; HIF1A@NNP nanoplatform; Honey-incorporated electrospun nanofiber membrane; Hydrogel-coated micro/nanostructured titanium implant; IL37OI@MS responsive hydrogel microspheres; Immunomodulating regenerating hydrogel; Microtopographic polymer substrates; miR-146a-5p-engineered exosomes; Mn3O4-nanoparticle photothermal hydrogel; MSC-educated tendon (METn) construct; Nanozyme-Integrated 3D-Printed Gradient Scaffold; NH@K nanozyme-reinforced hydrogel; OGPQ/G-NZ quercetin–greigite nanozyme hydrogel; OSK-protein-delivery and inflammatory-niche-remodeling platform; Polyacrylamide/alginate viscoelastic hydrogel; Porcine small-intestinal-submucosa extracellular-matrix scaffold; Prussian Blue nanoparticles; Quercetin-treated human-auricular-chondrocyte/GelMA construct; Retinoic-acid-loaded cartilage organoids; Ruxolitinib-loaded hierarchically biomimetic nanostructural scaffold; Se/PRP-OGel hydrogel; Self-healing hydrogels loaded with Spatholobi Caulis; SM@ME exosome-loaded methacrylated-silk-fibroin hydrogel; SRT1720-loaded calcium-phosphate/magnesium-phosphate nanocarriers; Surface-elastic StG hydrogels; synFGF18 mRNA lipid nanoparticles; Synovium-targeting senolytic liposomes plus M2-macrophage exosomes; TA-PFC/PCK fiber scaffold; Tonsil-derived mesenchymal stem cells incorporated in reactive oxygen species-releasing hydrogel; TSH-Q quercetin-loaded temperature-sensitive hydrogel; TT@P-Gel hydrogel","FS0062; FS0326; FS0461; FS0642; FS0446; FS0450; FS0124; FS0178; FS0912; FS0843; FS0239; FS0312; FS0430; FS0916; FS0173; FS0166; FS0252; FS0637; FS0482; FS0187; FS0306; FS0382; FS0114; FS0133; FS0308; FS0196; FS0102; FS0212; FS0244; FS0111; FS0788; FS0148; FS0428; FS0168; FS1020; FS0234; FS0404; FS0278; FS0439; FS0882; FS0090; FS0147","EV000158; EV000159; EV000217; EV000219; EV000220; EV000221; EV000244; EV000245; EV000269; EV000271; EV000288; EV000289; EV000290; EV000311; EV000312; EV000336; EV000338; EV000373; EV000376; EV000384; EV000385; EV000421; EV000422; EV000423; EV000424; EV000431; EV000432; EV000439; EV000441; EV000445; EV000447; EV000448; EV000478; EV000479; EV000492; EV000493; EV000526; EV000527; EV000596; EV000597; EV000609; EV000610; EV000627; EV000628; EV000629; EV000655; EV000657; EV000684; EV000685; EV000686; EV000757; EV000758; EV000764; EV000766; EV000786; EV000788; EV000820; EV000821; EV000822; EV000954; EV000955; EV001052; EV001053; EV001087; EV001089; EV001093; EV001094; EV001095; EV001122; EV001123; EV001124; EV001125; EV001135; EV001136; EV001137; EV001148; EV001149; EV001150; EV001183; EV001184; EV001236; EV001237; EV001404; EV001405; EV001409; EV001410; EV001411; EV001536; EV001537; EV001538; EV001597; EV001598; EV001611; EV001612; EV001628; EV001629; EV001630; EV001643; EV001645; EV001646; EV001678; EV001679",42,"High=64; Medium=29; Low=9","Validated-core missing link: no SUPPORTED PROMOTES edge.","缺少SUPPORTED edge不等于论文绝对没有相关实验或讨论。"
"D010","Validated-core missing mechanism link","21个Study/Material具有现有SUPPORTED路径但缺少SUPPORTED MODULATES边。","DELIVERS; PROMOTES; NOT MODULATES","CQ13","Adhesive injectable NRF2-modulating hydrogel microspheres; ASD all-in-one smart hydrogel dressing; Cordycepin-Loaded Dental Pulp Stem Cell-Derived Exosomes; Curcumin-loaded milk-sEV/platelet-membrane hybrid vesicles; Electrospun scaffold–bioreactor system; Enucleated-MSC-derived mitochondria-transfer microvesicles; FGF-4/IGF-1-loaded cationic thermosensitive polymer scaffold; GEA/NGel senolysis-targeting bioenergetic nanoplatform; Hairyvein-agrimony-nanovesicle-loaded microneedles; Lubricated hydrogel with STING-inhibiting EXOs; Mitochondrial-metabolism/efferocytosis-modulating microcarriers; Quercetin/HA-loaded TG-18 hydrogel; Quercetin-loaded aligned-nanowire hydrogel; Quercetin-loaded homogeneous PLGA microspheres; rhBMP-2/rapamycin co-treatment without an engineered carrier; Senomorphic Small Extracellular Vesicles Delivered by a Tissue-Adhesive α-Lipoic-Acid Hydrogel; GelMA@ZIF-8/PGE microsphere–hydrogel platform; Tannic-acid-loaded calcium-alginate/silk-fibroin-peptide/Bletilla-polysaccharide microspheres; TPG@ChSMA mitochondrial-targeted hydrogel; (ZIF-8@CeO2)@GOx-loaded sprayable GelMA hydrogel; ZIF-8/resveratrol nanoformulation","FS0367; FS0810; FS0397; FS0409; FS0134; FS0389; FS0213; FS0184; FS1040; FS0044; FS0376; FS0657; FS0433; FS0394; FS0391; FS0117; FS0295; FS0507; FS0313; FS0186; FS0538","EV000117; EV000120; EV000296; EV000297; EV000343; EV000344; EV000459; EV000461; EV000469; EV000471; EV000532; EV000533; EV000535; EV000725; EV000728; EV000793; EV000794; EV000913; EV000917; EV000933; EV000934; EV000978; EV000980; EV000985; EV000986; EV001002; EV001004; EV001015; EV001016; EV001059; EV001060; EV001099; EV001103; EV001282; EV001284; EV001332; EV001333; EV001439; EV001441; EV001560; EV001561; EV001562; EV001563; EV001685; EV001686",21,"High=35; Medium=10; Low=0","Validated-core missing link: no SUPPORTED MODULATES edge.","缺少SUPPORTED edge不等于论文绝对没有相关实验或讨论。"
"D011","High evidence density","95个Study/Material具有至少8条SUPPORTED边并覆盖至少5类关系。","edge count≥8 AND relation types≥5","CQ15","3D-printed PCL/nHA/SA/COL loaded with M2 macrophage-derived exosomes; 3D-printed titanium scaffolds coated with a multifunctional photothermal-responsive hydrogel; AAV-loaded extracellular-vesicle biomimetic gene-delivery system; ABT-263-loaded asymmetric composite wound dressing; Adhesive injectable NRF2-modulating hydrogel microspheres; α-Arbutin-crosslinked chitosan/gelatin film; α-Klotho gene-activated scaffold; ASD all-in-one smart hydrogel dressing; Baghdadite Ceramics; BAI1-PSTB nanocomposite hydrogel; Bioinspired Microgel Assembly of Liver-Derived Decellularized Extracellular Matrix; CAP-CD56+CD271+ BMSC-exosome-loaded PVA/SA hydrogel; CCM@CS-HG hydrogel; Curcumin/ZSM-5 electrospun nanofibers; D-EV-loaded thermosensitive injectable hydrogel; EGCG@MAB hydrogel; Electrospun scaffold–bioreactor system; EMHS HxMoO3-loaded bone-targeting lipid nanoparticles; F@GP galactose-modified Fe3O4-loaded PLGA nanoparticles; FGF-4/IGF-1-loaded cationic thermosensitive polymer scaffold; Fisetin-functionalized photoresponsive DNA nanocage; FMAG nanoplatform; GEA/NGel senolysis-targeting bioenergetic nanoplatform; Gelatin-microcarrier-based MSC microtissues; GG-5SS strontium-silicate hydrogel scaffold; GLRX3+ extracellular-vesicle redox-modulatory hydrogel; GM-Gel glycyrrhizic-acid-microsphere-loaded GEP/chitosan hydrogel; GP@MgO asymmetric short-fiber aerogel; GPQ pH-responsive anti-senescence hydrogel; Hairyvein-agrimony-nanovesicle-loaded microneedles; Hierarchically patterned porous honey/silk-fibroin scaffold; HPQ@K superlubricative drug-delivery nanoparticles; HPTC ECM-mimetic injectable hydrogel; Hydrogel-coated micro/nanostructured titanium implant; Hydrogen-generating injectable short-fiber hydrogel; HydroWrap hydrogen-sulfide-delivery hydrogel; ICAM1-directed MnO2@ZIF8/Tanshinone-IIA nanoplatform; IL37OI@MS responsive hydrogel microspheres; Injectable glycyrrhizic-acid hydrogel microspheres; Injectable microgels carrying engineered biomimetic nanoparticles; Lesion-localized hydrogels functionalized with engineered extracellular matrix; LINE1-ASO-loaded selectin-binding-peptide-engineered extracellular vesicles; Locally activated TGF-β3/MgSi immunoregulatory nanofiber patch; LT-NPs nanoplatform; Lubricated hydrogel with STING-inhibiting EXOs; MCTM metformin-loaded CMCS/tannic-acid/manganese hydrogel; Metformin-loaded HA/gelatin electrospun nanofibers; MG@IFN-γ-ECM cartilage-anchoring microgels; Mitochondria-targeted MET-MA carbon dots; Mitochondrial-metabolism/efferocytosis-modulating microcarriers; MM@MS@ABT macrophage-membrane-coated magnetic nanospheres; MMZ@Si–P53 hydrogel; Mn3O4-nanoparticle photothermal hydrogel; MOTS-c-modified functional self-assembly peptide hydrogels; MPN/BMP@HA hydrogel; MRRH@UB multilayer ROS-responsive hydrogel; MSOH hydrogel; Multifunctional pH-responsive microneedles; Multimodal ROS-logic-gated therapeutic platform; Nanocatalytic MOF-coated titanium implant; NH@K nanozyme-reinforced hydrogel; OGPQ/G-NZ quercetin–greigite nanozyme hydrogel; Orbital hybridization-mediated nanozymes; OSK-protein-delivery and inflammatory-niche-remodeling platform; P16-siRNA-incorporated organoid hydrogel/3D-bioprinted scaffold; PAA–EDA-grafted porous PEEK scaffold; PCC1/PHCF-Gel senolytic hydrogel; PDA@RES NIR-responsive core–shell nanoplatform; PEG-HS/TiO2 nanocomposite; Pericyte-membrane-coated saMAT2A lipid nanoparticles; Phenylboronic-acid-grafted hyaluronic-acid/TIMP-3 hydrogel; Polyphenol-armored miR-140-5p nanogene-loaded bioadhesive hydrogel; PTHrP supramolecular-peptide-loaded dual-network hydrogel; QCS-OST@Exos self-healing hydrogel; Quercetin/HA-loaded TG-18 hydrogel; Quercetin-loaded aligned-nanowire hydrogel; Quercetin-loaded homogeneous PLGA microspheres; Recombinant-Yap1-loaded platelet-derived exosomes; Res@Lipo@HMs hydrogel; rhCOL17-P334 conjugate; Se/PRP-OGel hydrogel; Self-healing hydrogels loaded with Spatholobi Caulis; Senomorphic Small Extracellular Vesicles Delivered by a Tissue-Adhesive α-Lipoic-Acid Hydrogel; GelMA@ZIF-8/PGE microsphere–hydrogel platform; SM@ME exosome-loaded methacrylated-silk-fibroin hydrogel; Smart spatiotemporal drug-delivery hydrogels; synFGF18 mRNA lipid nanoparticles; TA-PFC/PCK fiber scaffold; Tannic-acid-loaded calcium-alginate/silk-fibroin-peptide/Bletilla-polysaccharide microspheres; TPG@ChSMA mitochondrial-targeted hydrogel; TSH-Q quercetin-loaded temperature-sensitive hydrogel; TT@P-Gel hydrogel; (ZIF-8@CeO2)@GOx-loaded sprayable GelMA hydrogel; ZIF-8/resveratrol nanoformulation; Zn@MOF-gel dual-polyphenol ECM-mimetic hydrogel","FS0082; FS0487; FS0326; FS0207; FS0367; FS0384; FS0598; FS0810; FS0642; FS0150; FS0358; FS0322; FS0036; FS0726; FS0178; FS0490; FS0134; FS1052; FS0534; FS0213; FS0223; FS0399; FS0184; FS0738; FS0188; FS0913; FS0122; FS0093; FS0232; FS1040; FS0956; FS0142; FS1054; FS0173; FS0109; FS0472; FS0183; FS0166; FS0341; FS0300; FS0279; FS0303; FS0105; FS0462; FS0044; FS0080; FS0526; FS0459; FS0328; FS0376; FS0033; FS0296; FS0187; FS0338; FS0020; FS0009; FS0022; FS0346; FS0400; FS0834; FS0114; FS0133; FS0283; FS0308; FS0205; FS0043; FS0247; FS0402; FS0238; FS0230; FS0380; FS0056; FS0270; FS0704; FS0657; FS0433; FS0394; FS0651; FS0203; FS0310; FS0148; FS0428; FS0117; FS0295; FS0168; FS0248; FS0404; FS0439; FS0507; FS0313; FS0090; FS0147; FS0186; FS0538; FS0222","EV000016; EV000017; EV000018; EV000019; EV000020; EV000021; EV000022; EV000023; EV000024; EV000037; EV000038; EV000039; EV000040; EV000041; EV000042; EV000043; EV000044; EV000048; EV000049; EV000050; EV000051; EV000052; EV000053; EV000054; EV000055; EV000056; EV000057; EV000064; EV000065; EV000066; EV000067; EV000068; EV000069; EV000070; EV000071; EV000073; EV000074; EV000078; EV000079; EV000080; EV000081; EV000082; EV000083; EV000084; EV000085; EV000086; EV000087; EV000088; EV000089; EV000090; EV000106; EV000107; EV000108; EV000109; EV000110; EV000111; EV000112; EV000113; EV000114; EV000115; EV000116; EV000117; EV000118; EV000119; EV000120; EV000121; EV000122; EV000123; EV000124; EV000125; EV000126; EV000139; EV000140; EV000141; EV000142; EV000143; EV000144; EV000145; EV000146; EV000184; EV000185; EV000186; EV000187; EV000188; EV000189; EV000190; EV000191; EV000192; EV000198; EV000199; EV000200; EV000201; EV000202; EV000203; EV000204; EV000205; EV000206; EV000207; EV000208; EV000213; EV000214; EV000215; EV000216; EV000217; EV000218; EV000219; EV000220; EV000221; EV000222; EV000223; EV000224; EV000225; EV000226; EV000227; EV000228; EV000229; EV000230; EV000232; EV000233; EV000247; EV000248; EV000249; EV000250; EV000251; EV000252; EV000253; EV000254; EV000255; EV000256; EV000261; EV000262; EV000263; EV000264; EV000265; EV000266; EV000267; EV000268; EV000286; EV000287; EV000288; EV000289; EV000290; EV000291; EV000292; EV000293; EV000294; EV000295; EV000296; EV000297; EV000298; EV000299; EV000300; EV000302; EV000303; EV000304; EV000305; EV000306; EV000307; EV000308; EV000309; EV000310; EV000330; EV000331; EV000332; EV000333; EV000334; EV000335; EV000336; EV000337; EV000338; EV000339; EV000340; EV000342; EV000343; EV000344; EV000345; EV000346; EV000347; EV000348; EV000349; EV000350; EV000351; EV000352; EV000364; EV000365; EV000366; EV000367; EV000368; EV000369; EV000370; EV000371; EV000372; EV000373; EV000374; EV000375; EV000376; EV000377; EV000378; EV000379; EV000380; EV000381; EV000382; EV000383; EV000384; EV000385; EV000386; EV000387; EV000388; EV000389; EV000390; EV000391; EV000392; EV000393; EV000394; EV000395; EV000396; EV000397; EV000398; EV000421; EV000422; EV000423; EV000424; EV000425; EV000429; EV000430; EV000431; EV000432; EV000433; EV000434; EV000435; EV000436; EV000437; EV000438; EV000439; EV000440; EV000441; EV000442; EV000443; EV000444; EV000445; EV000446; EV000447; EV000448; EV000449; EV000450; EV000452; EV000453; EV000454; EV000455; EV000456; EV000457; EV000458; EV000459; EV000460; EV000461; EV000462; EV000463; EV000464; EV000465; EV000466; EV000467; EV000468; EV000469; EV000470; EV000471; EV000472; EV000473; EV000474; EV000475; EV000476; EV000477; EV000478; EV000479; EV000480; EV000481; EV000482; EV000483; EV000484; EV000485; EV000486; EV000487; EV000488; EV000489; EV000499; EV000500; EV000501; EV000502; EV000503; EV000504; EV000505; EV000506; EV000507; EV000508; EV000509; EV000510; EV000511; EV000512; EV000513; EV000514; EV000515; EV000516; EV000517; EV000518; EV000519; EV000520; EV000521; EV000530; EV000531; EV000532; EV000533; EV000534; EV000535; EV000536; EV000537; EV000538; EV000539; EV000540; EV000547; EV000548; EV000549; EV000550; EV000551; EV000552; EV000553; EV000554; EV000555; EV000556; EV000557; EV000558; EV000559; EV000560; EV000561; EV000562; EV000563; EV000564; EV000578; EV000579; EV000580; EV000581; EV000582; EV000583; EV000584; EV000585; EV000586; EV000587; EV000588; EV000589; EV000590; EV000591; EV000592; EV000593; EV000594; EV000600; EV000601; EV000602; EV000603; EV000604; EV000605; EV000606; EV000608; EV000633; EV000634; EV000635; EV000636; EV000637; EV000638; EV000639; EV000640; EV000641; EV000642; EV000643; EV000644; EV000645; EV000646; EV000647; EV000648; EV000649; EV000650; EV000651; EV000673; EV000674; EV000675; EV000676; EV000678; EV000679; EV000680; EV000681; EV000690; EV000691; EV000692; EV000693; EV000694; EV000695; EV000696; EV000697; EV000705; EV000706; EV000707; EV000708; EV000709; EV000710; EV000711; EV000712; EV000724; EV000725; EV000726; EV000727; EV000728; EV000729; EV000730; EV000731; EV000732; EV000733; EV000734; EV000735; EV000736; EV000737; EV000738; EV000739; EV000740; EV000741; EV000742; EV000743; EV000744; EV000745; EV000746; EV000747; EV000748; EV000749; EV000750; EV000751; EV000752; EV000753; EV000754; EV000756; EV000762; EV000763; EV000764; EV000765; EV000766; EV000767; EV000768; EV000769; EV000770; EV000771; EV000772; EV000773; EV000774; EV000775; EV000776; EV000777; EV000791; EV000792; EV000793; EV000794; EV000795; EV000796; EV000797; EV000798; EV000799; EV000800; EV000801; EV000802; EV000803; EV000804; EV000805; EV000806; EV000807; EV000808; EV000819; EV000820; EV000821; EV000822; EV000823; EV000824; EV000825; EV000832; EV000833; EV000834; EV000835; EV000836; EV000837; EV000838; EV000839; EV000845; EV000846; EV000847; EV000848; EV000849; EV000850; EV000851; EV000852; EV000853; EV000854; EV000855; EV000856; EV000857; EV000858; EV000859; EV000860; EV000861; EV000867; EV000868; EV000869; EV000870; EV000871; EV000872; EV000873; EV000889; EV000890; EV000891; EV000892; EV000893; EV000894; EV000913; EV000914; EV000915; EV000916; EV000917; EV000918; EV000919; EV000920; EV000921; EV000922; EV000933; EV000934; EV000935; EV000936; EV000937; EV000938; EV000939; EV000940; EV000941; EV000942; EV000943; EV000944; EV000946; EV000947; EV000948; EV000949; EV000950; EV000951; EV000952; EV000959; EV000960; EV000961; EV000962; EV000963; EV000964; EV000965; EV000966; EV000967; EV000968; EV001001; EV001002; EV001003; EV001004; EV001005; EV001006; EV001007; EV001008; EV001021; EV001022; EV001023; EV001024; EV001025; EV001026; EV001027; EV001028; EV001029; EV001030; EV001031; EV001032; EV001033; EV001034; EV001035; EV001036; EV001037; EV001043; EV001044; EV001045; EV001046; EV001047; EV001048; EV001049; EV001050; EV001051; EV001052; EV001053; EV001054; EV001055; EV001083; EV001084; EV001085; EV001086; EV001087; EV001088; EV001089; EV001090; EV001091; EV001099; EV001100; EV001101; EV001102; EV001103; EV001104; EV001105; EV001106; EV001107; EV001108; EV001120; EV001121; EV001122; EV001123; EV001124; EV001125; EV001126; EV001127; EV001128; EV001169; EV001171; EV001172; EV001173; EV001174; EV001175; EV001176; EV001177; EV001178; EV001179; EV001186; EV001187; EV001188; EV001189; EV001190; EV001191; EV001192; EV001193; EV001194; EV001195; EV001196; EV001197; EV001198; EV001221; EV001222; EV001223; EV001224; EV001225; EV001226; EV001227; EV001228; EV001229; EV001241; EV001242; EV001243; EV001244; EV001245; EV001246; EV001247; EV001248; EV001249; EV001250; EV001251; EV001252; EV001253; EV001254; EV001255; EV001256; EV001257; EV001258; EV001259; EV001260; EV001261; EV001262; EV001263; EV001264; EV001278; EV001279; EV001280; EV001281; EV001282; EV001283; EV001284; EV001285; EV001286; EV001287; EV001288; EV001289; EV001306; EV001307; EV001308; EV001309; EV001310; EV001311; EV001312; EV001313; EV001314; EV001315; EV001316; EV001317; EV001318; EV001319; EV001320; EV001321; EV001322; EV001332; EV001333; EV001334; EV001335; EV001336; EV001337; EV001338; EV001339; EV001340; EV001341; EV001383; EV001384; EV001385; EV001386; EV001387; EV001388; EV001389; EV001390; EV001407; EV001408; EV001409; EV001410; EV001411; EV001412; EV001413; EV001423; EV001424; EV001425; EV001426; EV001427; EV001428; EV001429; EV001431; EV001436; EV001437; EV001439; EV001440; EV001441; EV001442; EV001443; EV001444; EV001445; EV001446; EV001469; EV001470; EV001471; EV001472; EV001473; EV001474; EV001475; EV001476; EV001489; EV001490; EV001491; EV001492; EV001493; EV001494; EV001495; EV001496; EV001505; EV001506; EV001507; EV001508; EV001509; EV001510; EV001511; EV001512; EV001513; EV001557; EV001558; EV001559; EV001560; EV001561; EV001562; EV001563; EV001564; EV001565; EV001566; EV001567; EV001568; EV001569; EV001570; EV001577; EV001578; EV001579; EV001580; EV001581; EV001582; EV001583; EV001584; EV001585; EV001633; EV001634; EV001635; EV001636; EV001637; EV001638; EV001639; EV001640; EV001663; EV001664; EV001665; EV001666; EV001667; EV001668; EV001669; EV001670; EV001685; EV001686; EV001687; EV001688; EV001689; EV001690; EV001691; EV001692; EV001693; EV001694; EV001695; EV001696; EV001697; EV001698; EV001699; EV001700; EV001701; EV001702; EV001703; EV001705; EV001706; EV001707; EV001708; EV001709; EV001710; EV001711; EV001712; EV001713; EV001715; EV001719; EV001722; EV001727; EV001730; EV001731; EV001737; EV001740; EV001744; EV001745; EV001747; EV001748; EV001749; EV001750; EV001753; EV001754; EV001755; EV001756; EV001757; EV001758; EV001759; EV001761; EV001762; EV001763; EV001764; EV001766; EV001767; EV001771; EV001773; EV001774; EV001775; EV001780; EV001781; EV001783; EV001787; EV001791; EV001792; EV001793; EV001795; EV001796; EV001800; EV001801; EV001802; EV001806; EV001811; EV001813; EV001814; EV001815; EV001817; EV001826; EV001828; EV001829; EV001836; EV001837; EV001841; EV001844; EV001845; EV001846; EV001855; EV001856; EV001857; EV001858; EV001859; EV001863; EV001865; EV001869; EV001870; EV001871; EV001875; EV001876; EV001881; EV001890; EV001891; EV001904; EV001906",95,"High=753; Medium=158; Low=3",,"仅描述冻结canonical SUPPORTED边的共现，不推断因果、疗效优越性或未验证关系。"
"D012","High evidence density material","ASD all-in-one smart hydrogel dressing包含16条SUPPORTED边，覆盖8类关系。","Dense MaterialPlatform subgraph",,"ASD all-in-one smart hydrogel dressing","FS0810","EV001557; EV001558; EV001559; EV001560; EV001561; EV001562; EV001563; EV001564; EV001565; EV001566; EV001567; EV001568; EV001569; EV001570; EV001836; EV001837",1,"High=16; Medium=0; Low=0",,"仅描述冻结canonical SUPPORTED边的共现，不推断因果、疗效优越性或未验证关系。"
"D013","High evidence density material","CCM@CS-HG hydrogel包含14条SUPPORTED边，覆盖10类关系。","Dense MaterialPlatform subgraph",,"CCM@CS-HG hydrogel","FS0036","EV000078; EV000079; EV000080; EV000081; EV000082; EV000083; EV000084; EV000085; EV000086; EV000087; EV000088; EV000089; EV000090; EV001722",1,"High=13; Medium=1; Low=0",,"仅描述冻结canonical SUPPORTED边的共现，不推断因果、疗效优越性或未验证关系。"
"D014","High evidence density material","Lubricated hydrogel with STING-inhibiting EXOs包含14条SUPPORTED边，覆盖8类关系。","Dense MaterialPlatform subgraph",,"Lubricated hydrogel with STING-inhibiting EXOs","FS0044","EV000113; EV000114; EV000115; EV000116; EV000117; EV000118; EV000119; EV000120; EV000121; EV000122; EV000123; EV000124; EV000125; EV000126",1,"High=14; Medium=0; Low=0",,"仅描述冻结canonical SUPPORTED边的共现，不推断因果、疗效优越性或未验证关系。"
"D015","High evidence density material","OGPQ/G-NZ quercetin–greigite nanozyme hydrogel包含14条SUPPORTED边，覆盖9类关系。","Dense MaterialPlatform subgraph",,"OGPQ/G-NZ quercetin–greigite nanozyme hydrogel","FS0133","EV000330; EV000331; EV000332; EV000333; EV000334; EV000335; EV000336; EV000337; EV000338; EV000339; EV000340; EV000342; EV001744; EV001745",1,"High=12; Medium=2; Low=0",,"仅描述冻结canonical SUPPORTED边的共现，不推断因果、疗效优越性或未验证关系。"
"D016","High evidence density material","EGCG@MAB hydrogel包含14条SUPPORTED边，覆盖8类关系。","Dense MaterialPlatform subgraph",,"EGCG@MAB hydrogel","FS0490","EV001252; EV001253; EV001254; EV001255; EV001256; EV001257; EV001258; EV001259; EV001260; EV001261; EV001262; EV001263; EV001264; EV001814",1,"High=10; Medium=4; Low=0",,"仅描述冻结canonical SUPPORTED边的共现，不推断因果、疗效优越性或未验证关系。"
"D017","Animal in vivo validation","4个Study/Material具有large animal VALIDATED_AT边。","VALIDATED_AT→large animal",,"IHP@Yam engineered biomimetic intervertebral disc; SP@V–C–gel engineered-microalgae DNA hydrogel; GG-5SS strontium-silicate hydrogel scaffold; Zn@MOF-gel dual-polyphenol ECM-mimetic hydrogel","FS0041; FS0098; FS0188; FS0222","EV000097; EV000098; EV000099; EV000100; EV000101; EV000102; EV000238; EV000239; EV000240; EV000241; EV000242; EV000243; EV000483; EV000484; EV000485; EV000486; EV000487; EV000488; EV000489; EV000547; EV000548; EV000549; EV000550; EV000551; EV000552; EV000553; EV000554; EV001724; EV001738; EV001758; EV001761; EV001858; EV001859",4,"High=25; Medium=8; Low=0",,"Human-derived与Clinical分别报告；仅描述SUPPORTED ValidationStage边。"
"D018","Human-derived evidence","54个Study/Material具有human-derived VALIDATED_AT边。","VALIDATED_AT→human-derived",,"CaH2-MN hierarchical calcium-hydride microneedle platform; MM@MS@ABT macrophage-membrane-coated magnetic nanospheres; GMP-grade TDHLSP glass-microcarrier bioreactor system; Recombinant humanized type III collagen (rhCol III); GP@MgO asymmetric short-fiber aerogel; Electrospun scaffold–bioreactor system; HPQ@K superlubricative drug-delivery nanoparticles; BAI1-PSTB nanocomposite hydrogel; SM@ME exosome-loaded methacrylated-silk-fibroin hydrogel; Silibinin/PLGA/collagen electrospun nanofibers; Fisetin-functionalized photoresponsive DNA nanocage; Pericyte-membrane-coated saMAT2A lipid nanoparticles; PEG-HS/TiO2 nanocomposite; Smart spatiotemporal drug-delivery hydrogels; PVA–gallic-acid supramolecular hydrogel; DASEA Regenbio bioreactor–microcarrier culture system; LINE1-ASO-loaded selectin-binding-peptide-engineered extracellular vesicles; rhCOL17-P334 conjugate; AAV-loaded extracellular-vesicle biomimetic gene-delivery system; MOTS-c-modified functional self-assembly peptide hydrogels; Multifunctional pH-responsive microneedles; Bioinspired Microgel Assembly of Liver-Derived Decellularized Extracellular Matrix; Phenylboronic-acid-grafted hyaluronic-acid/TIMP-3 hydrogel; Quercetin-loaded homogeneous PLGA microspheres; Cordycepin-Loaded Dental Pulp Stem Cell-Derived Exosomes; Curcumin-loaded milk-sEV/platelet-membrane hybrid vesicles; Autophagy-enhancing injectable hydrogel microspheres; GelMA/PNS/Alg@IGF-1 hydrogel; TA-PFC/PCK fiber scaffold; Engineered extracellular vesicles; Pro-regenerative cardiac-progenitor-secretome nanoparticles; GBC@PNA sono-piezoelectric scaffold; Dual-engineered chondrocyte-targeted extracellular vesicles; miR-146a-5p-engineered exosomes; Aligned-topography soft hydrogel substrates; Metformin-loaded HA/gelatin electrospun nanofibers; Magnetic-nanoparticle-coated fibroblast/ADSC constructs; ZIF-8/resveratrol nanoformulation; p16INK4a-siRNA nanoparticles; Microcarrier–bioreactor culture system; Vitamin-E-doped sol–gel silica coating; Released from ZrO2/SiO2 coating resveratrol; Cerium oxide nanoparticles; miR-200/young-ECM bioscaffold; V156K-rapa-rHDL nanoparticles; Cell-deposited extracellular matrix; Human-chondrocyte/polymer-scaffold tissue-engineered construct; Resveratrol-doped polyurethane–polylactide material; Dual-drug-encapsulated liposomal nanoparticles; hTERT mRNA lipid nanoparticles; Molybdenum disulfide nanoparticles; SRT1720-loaded calcium-phosphate/magnesium-phosphate nanocarriers; Hairyvein-agrimony-nanovesicle-loaded microneedles; EMHS HxMoO3-loaded bone-targeting lipid nanoparticles","FS0026; FS0033; FS0079; FS0087; FS0093; FS0134; FS0142; FS0150; FS0168; FS0208; FS0223; FS0230; FS0238; FS0248; FS0272; FS0290; FS0303; FS0310; FS0326; FS0338; FS0346; FS0358; FS0380; FS0394; FS0397; FS0409; FS0414; FS0418; FS0439; FS0449; FS0453; FS0454; FS0478; FS0482; FS0513; FS0526; FS0535; FS0538; FS0552; FS0595; FS0628; FS0678; FS0701; FS0761; FS0795; FS0797; FS0809; FS0842; FS0912; FS0927; FS0932; FS1020; FS1040; FS1052","EV000058; EV000059; EV000060; EV000061; EV000062; EV000063; EV000064; EV000065; EV000066; EV000067; EV000068; EV000069; EV000070; EV000071; EV000073; EV000074; EV000182; EV000183; EV000209; EV000210; EV000211; EV000212; EV000225; EV000226; EV000227; EV000228; EV000229; EV000230; EV000232; EV000233; EV000343; EV000344; EV000345; EV000346; EV000347; EV000348; EV000349; EV000350; EV000351; EV000352; EV000364; EV000365; EV000366; EV000367; EV000368; EV000369; EV000370; EV000371; EV000388; EV000389; EV000390; EV000391; EV000392; EV000393; EV000394; EV000395; EV000396; EV000397; EV000398; EV000429; EV000430; EV000431; EV000432; EV000433; EV000434; EV000435; EV000522; EV000523; EV000524; EV000525; EV000555; EV000556; EV000557; EV000558; EV000559; EV000560; EV000561; EV000562; EV000563; EV000564; EV000578; EV000579; EV000580; EV000581; EV000582; EV000583; EV000584; EV000585; EV000600; EV000601; EV000602; EV000603; EV000604; EV000605; EV000606; EV000608; EV000642; EV000643; EV000644; EV000645; EV000646; EV000647; EV000648; EV000649; EV000650; EV000651; EV000682; EV000714; EV000715; EV000716; EV000717; EV000718; EV000749; EV000750; EV000751; EV000752; EV000753; EV000754; EV000756; EV000771; EV000772; EV000773; EV000774; EV000775; EV000776; EV000777; EV000819; EV000820; EV000821; EV000822; EV000823; EV000824; EV000825; EV000845; EV000846; EV000847; EV000848; EV000849; EV000850; EV000851; EV000852; EV000853; EV000867; EV000868; EV000869; EV000870; EV000871; EV000872; EV000873; EV000889; EV000890; EV000891; EV000892; EV000893; EV000894; EV000941; EV000942; EV000943; EV000944; EV000946; EV000947; EV000948; EV000949; EV000950; EV000951; EV000952; EV001001; EV001002; EV001003; EV001004; EV001005; EV001006; EV001007; EV001008; EV001015; EV001016; EV001017; EV001018; EV001019; EV001020; EV001059; EV001060; EV001061; EV001062; EV001063; EV001064; EV001065; EV001066; EV001067; EV001068; EV001069; EV001070; EV001071; EV001072; EV001073; EV001074; EV001120; EV001121; EV001122; EV001123; EV001124; EV001125; EV001126; EV001127; EV001128; EV001140; EV001141; EV001142; EV001143; EV001144; EV001145; EV001153; EV001154; EV001155; EV001156; EV001157; EV001158; EV001159; EV001160; EV001162; EV001163; EV001164; EV001165; EV001166; EV001167; EV001230; EV001231; EV001232; EV001233; EV001234; EV001235; EV001236; EV001237; EV001238; EV001239; EV001240; EV001290; EV001291; EV001292; EV001293; EV001306; EV001307; EV001308; EV001309; EV001310; EV001311; EV001312; EV001313; EV001323; EV001324; EV001325; EV001326; EV001332; EV001333; EV001334; EV001335; EV001336; EV001337; EV001338; EV001339; EV001340; EV001341; EV001353; EV001354; EV001355; EV001356; EV001357; EV001358; EV001380; EV001381; EV001382; EV001398; EV001399; EV001400; EV001451; EV001452; EV001453; EV001467; EV001468; EV001514; EV001515; EV001516; EV001517; EV001540; EV001541; EV001542; EV001543; EV001549; EV001550; EV001551; EV001552; EV001554; EV001555; EV001556; EV001591; EV001592; EV001593; EV001594; EV001595; EV001628; EV001629; EV001630; EV001631; EV001632; EV001648; EV001649; EV001650; EV001651; EV001652; EV001661; EV001662; EV001676; EV001677; EV001678; EV001679; EV001680; EV001681; EV001685; EV001686; EV001687; EV001688; EV001689; EV001690; EV001691; EV001692; EV001693; EV001694; EV001695; EV001696; EV001697; EV001698; EV001699; EV001700; EV001701; EV001702; EV001703; EV001705; EV001706; EV001736; EV001747; EV001748; EV001750; EV001760; EV001762; EV001764; EV001767; EV001769; EV001775; EV001780; EV001781; EV001783; EV001787; EV001802; EV001803; EV001804; EV001812; EV001816; EV001817; EV001822; EV001825; EV001830; EV001832; EV001833; EV001835; EV001844; EV001857; EV001863; EV001866; EV001867; EV001870; EV001871; EV001875; EV001876; EV001882; EV001883; EV001892; EV001893; EV001895; EV001901; EV001902; EV001905",54,"High=326; Medium=55; Low=0",,"Human-derived与Clinical分别报告；仅描述SUPPORTED ValidationStage边。"
"D019","Endpoint validation coverage","RegenerativeEndpoint“Bone regeneration/osteogenesis”连接42个Study/Material，其中39个具有动物体内VALIDATED_AT边。","PROMOTES + optional VALIDATED_AT[Small Animal or Large Animal]",,"PAA–EDA-grafted porous PEEK scaffold; 3D-printed PCL/nHA/SA/COL loaded with M2 macrophage-derived exosomes; YDC-Gel-Zn pseudo-mussel-foot-protein hydrogel adhesive; N/S@M@P NAD+/SBI nanocomposite hydrogel; Senomorphic Small Extracellular Vesicles Delivered by a Tissue-Adhesive α-Lipoic-Acid Hydrogel; Electrospun scaffold–bioreactor system; Electrostatically co-assembled extracellular-vesicle-infused hydrogel; A20-CRISPRa injectable microspheres; Metformin-releasing polydopamine-coated TiO2-nanotube titanium implant; Smart spatiotemporal drug-delivery hydrogels; Functionalized 3D-printed Ti6Al4V cell-climbing-frame scaffold; Nanoceria-infused PCL nanofibrous scaffold; Orbital hybridization-mediated nanozymes; MMZ@Si–P53 hydrogel; Magnesium-containing bioceramics stimulate exosomal miR-196a-5p secretion; TPG@ChSMA mitochondrial-targeted hydrogel; Senolytic intervention without an engineered carrier; Injectable glycyrrhizic-acid hydrogel microspheres; Multifunctional pH-responsive microneedles; Three-Dimensional Bioprinted Scaffolds Loaded with Multifunctional Magnesium-Based Metal-Organic Frameworks; Senescence-targeted NAD+-dependent SIRT1-activating nanoplatform; Inflammation-responsive biomimetic hybrid nanovesicles; Adhesive injectable NRF2-modulating hydrogel microspheres; Mitochondrial-metabolism/efferocytosis-modulating microcarriers; α-Arbutin-crosslinked chitosan/gelatin film; rhBMP-2/rapamycin co-treatment without an engineered carrier; Cordycepin-Loaded Dental Pulp Stem Cell-Derived Exosomes; Multimodal ROS-logic-gated therapeutic platform; Voronoi-curvature scaffolds; Quercetin-loaded aligned-nanowire hydrogel; CeO2 nanozymes; TDN-miR-21-5p DNA tetrahedron nanocomplex; HydroWrap hydrogen-sulfide-delivery hydrogel; 3D-printed titanium scaffolds coated with a multifunctional photothermal-responsive hydrogel; Extracellular vesicles without an engineered carrier; ZIF-8/resveratrol nanoformulation; Lycium barbarum-derived carbon dots; Quercetin/HA-loaded TG-18 hydrogel; Nanocatalytic MOF-coated titanium implant; Sandblasted/Acid-Etched Titanium Surface Modified with Calcium Phytate; Hairyvein-agrimony-nanovesicle-loaded microneedles; EMHS HxMoO3-loaded bone-targeting lipid nanoparticles","FS0043; FS0082; FS0112; FS0113; FS0117; FS0134; FS0135; FS0136; FS0243; FS0248; FS0250; FS0282; FS0283; FS0296; FS0311; FS0313; FS0324; FS0341; FS0346; FS0348; FS0350; FS0362; FS0367; FS0376; FS0384; FS0391; FS0397; FS0400; FS0424; FS0433; FS0436; FS0460; FS0472; FS0487; FS0516; FS0538; FS0624; FS0657; FS0834; FS0970; FS1040; FS1052","EV000106; EV000107; EV000108; EV000109; EV000110; EV000111; EV000112; EV000198; EV000199; EV000200; EV000201; EV000202; EV000203; EV000204; EV000205; EV000206; EV000207; EV000208; EV000275; EV000276; EV000277; EV000278; EV000279; EV000280; EV000281; EV000282; EV000283; EV000284; EV000285; EV000294; EV000295; EV000296; EV000297; EV000298; EV000299; EV000300; EV000302; EV000343; EV000344; EV000345; EV000346; EV000347; EV000348; EV000349; EV000350; EV000351; EV000352; EV000353; EV000355; EV000356; EV000357; EV000358; EV000359; EV000360; EV000361; EV000362; EV000363; EV000618; EV000619; EV000620; EV000621; EV000622; EV000623; EV000624; EV000625; EV000642; EV000643; EV000644; EV000645; EV000646; EV000647; EV000648; EV000649; EV000650; EV000651; EV000652; EV000653; EV000654; EV000698; EV000699; EV000700; EV000701; EV000702; EV000703; EV000704; EV000705; EV000706; EV000707; EV000708; EV000709; EV000710; EV000711; EV000712; EV000734; EV000735; EV000736; EV000737; EV000738; EV000739; EV000740; EV000778; EV000779; EV000780; EV000781; EV000782; EV000783; EV000791; EV000792; EV000793; EV000794; EV000795; EV000796; EV000797; EV000798; EV000799; EV000800; EV000814; EV000815; EV000816; EV000817; EV000818; EV000854; EV000855; EV000856; EV000857; EV000858; EV000859; EV000860; EV000861; EV000867; EV000868; EV000869; EV000870; EV000871; EV000872; EV000873; EV000874; EV000875; EV000876; EV000877; EV000878; EV000879; EV000880; EV000881; EV000882; EV000898; EV000899; EV000900; EV000901; EV000902; EV000903; EV000904; EV000913; EV000914; EV000915; EV000916; EV000917; EV000918; EV000919; EV000920; EV000921; EV000922; EV000933; EV000934; EV000935; EV000936; EV000937; EV000938; EV000939; EV000940; EV000959; EV000960; EV000961; EV000962; EV000963; EV000964; EV000965; EV000966; EV000967; EV000968; EV000985; EV000986; EV000987; EV000988; EV000989; EV000990; EV000991; EV001015; EV001016; EV001017; EV001018; EV001019; EV001020; EV001030; EV001031; EV001032; EV001033; EV001034; EV001035; EV001036; EV001037; EV001079; EV001080; EV001081; EV001082; EV001099; EV001100; EV001101; EV001102; EV001103; EV001104; EV001105; EV001106; EV001107; EV001108; EV001109; EV001110; EV001111; EV001112; EV001113; EV001180; EV001181; EV001182; EV001221; EV001222; EV001223; EV001224; EV001225; EV001226; EV001227; EV001228; EV001229; EV001241; EV001242; EV001243; EV001244; EV001245; EV001246; EV001247; EV001248; EV001249; EV001250; EV001251; EV001298; EV001299; EV001300; EV001301; EV001302; EV001332; EV001333; EV001334; EV001335; EV001336; EV001337; EV001338; EV001339; EV001340; EV001341; EV001392; EV001393; EV001394; EV001395; EV001396; EV001397; EV001436; EV001437; EV001439; EV001440; EV001441; EV001442; EV001443; EV001444; EV001445; EV001446; EV001577; EV001578; EV001579; EV001580; EV001581; EV001582; EV001583; EV001584; EV001585; EV001671; EV001672; EV001673; EV001674; EV001675; EV001685; EV001686; EV001687; EV001688; EV001689; EV001690; EV001691; EV001692; EV001693; EV001694; EV001695; EV001696; EV001697; EV001698; EV001699; EV001700; EV001701; EV001702; EV001703; EV001705; EV001706; EV001727; EV001742; EV001746; EV001767; EV001768; EV001771; EV001773; EV001774; EV001783; EV001784; EV001785; EV001792; EV001793; EV001798; EV001799; EV001811; EV001813; EV001817; EV001824; EV001828; EV001829; EV001841; EV001844; EV001851; EV001853; EV001854; EV001863; EV001873; EV001874; EV001878; EV001884; EV001886",42,"High=278; Medium=62; Low=1","3个PROMOTES路径未连接动物体内VALIDATED_AT边。","该缺口仅衡量ValidationStage边，不等同于直接功能测量缺失。"
"D020","Endpoint validation coverage","RegenerativeEndpoint“Wound healing/skin regeneration”连接28个Study/Material，其中26个具有动物体内VALIDATED_AT边。","PROMOTES + optional VALIDATED_AT[Small Animal or Large Animal]",,"CaH2-MN hierarchical calcium-hydride microneedle platform; CCM@CS-HG hydrogel; GO/FeSe2 bio-heterojunction; GP@MgO asymmetric short-fiber aerogel; GM-Gel glycyrrhizic-acid-microsphere-loaded GEP/chitosan hydrogel; GEA/NGel senolysis-targeting bioenergetic nanoplatform; (ZIF-8@CeO2)@GOx-loaded sprayable GelMA hydrogel; ABT-263-loaded asymmetric composite wound dressing; YBEV-loaded GelMA hydrogel; Pericyte-membrane-coated saMAT2A lipid nanoparticles; PEG-HS/TiO2 nanocomposite; PTHrP supramolecular-peptide-loaded dual-network hydrogel; DASEA Regenbio bioreactor–microcarrier culture system; GelMA@ZIF-8/PGE microsphere–hydrogel platform; rhCOL17-P334 conjugate; ROS-scavenging mesoporous MOF nanoparticles; MOF-nanozyme-armored cryogel; BMSC-laden salidroside–collagen hybrid scaffold (BMSCs-SCOL); Enucleated-MSC-derived mitochondria-transfer microvesicles; PDA@RES NIR-responsive core–shell nanoplatform; Engineered extracellular vesicles; miR-17-5p-engineered-sEV/GelMA hydrogel; EGCG@MAB hydrogel; Tannic-acid-loaded calcium-alginate/silk-fibroin-peptide/Bletilla-polysaccharide microspheres; ADSC/acellular-dermal-matrix tissue-engineered membrane; α-Klotho gene-activated scaffold; Calcium-silicate ion-releasing biomaterial; ASD all-in-one smart hydrogel dressing","FS0026; FS0036; FS0048; FS0093; FS0122; FS0184; FS0186; FS0207; FS0226; FS0230; FS0238; FS0270; FS0290; FS0295; FS0310; FS0323; FS0329; FS0345; FS0389; FS0402; FS0449; FS0465; FS0490; FS0507; FS0580; FS0598; FS0783; FS0810","EV000058; EV000059; EV000060; EV000061; EV000062; EV000063; EV000078; EV000079; EV000080; EV000081; EV000082; EV000083; EV000084; EV000085; EV000086; EV000087; EV000088; EV000089; EV000090; EV000127; EV000128; EV000129; EV000130; EV000131; EV000132; EV000225; EV000226; EV000227; EV000228; EV000229; EV000230; EV000232; EV000233; EV000303; EV000304; EV000305; EV000306; EV000307; EV000308; EV000309; EV000310; EV000459; EV000460; EV000461; EV000462; EV000463; EV000464; EV000465; EV000466; EV000467; EV000468; EV000469; EV000470; EV000471; EV000472; EV000473; EV000474; EV000475; EV000515; EV000516; EV000517; EV000518; EV000519; EV000520; EV000521; EV000565; EV000566; EV000567; EV000568; EV000569; EV000570; EV000571; EV000578; EV000579; EV000580; EV000581; EV000582; EV000583; EV000584; EV000585; EV000600; EV000601; EV000602; EV000603; EV000604; EV000605; EV000606; EV000608; EV000673; EV000674; EV000675; EV000676; EV000678; EV000679; EV000680; EV000681; EV000714; EV000715; EV000716; EV000717; EV000718; EV000724; EV000725; EV000726; EV000727; EV000728; EV000729; EV000730; EV000731; EV000732; EV000733; EV000771; EV000772; EV000773; EV000774; EV000775; EV000776; EV000777; EV000809; EV000810; EV000811; EV000812; EV000813; EV000840; EV000841; EV000842; EV000843; EV000844; EV000862; EV000863; EV000864; EV000865; EV000866; EV000978; EV000979; EV000980; EV000981; EV000982; EV000983; EV000984; EV001043; EV001044; EV001045; EV001046; EV001047; EV001048; EV001140; EV001141; EV001142; EV001143; EV001144; EV001145; EV001199; EV001200; EV001201; EV001202; EV001203; EV001252; EV001253; EV001254; EV001255; EV001256; EV001257; EV001258; EV001259; EV001260; EV001261; EV001262; EV001263; EV001264; EV001278; EV001279; EV001280; EV001281; EV001282; EV001283; EV001284; EV001285; EV001286; EV001287; EV001288; EV001289; EV001377; EV001378; EV001379; EV001383; EV001384; EV001385; EV001386; EV001387; EV001388; EV001389; EV001390; EV001533; EV001534; EV001535; EV001557; EV001558; EV001559; EV001560; EV001561; EV001562; EV001563; EV001564; EV001565; EV001566; EV001567; EV001568; EV001569; EV001570; EV001722; EV001759; EV001764; EV001782; EV001795; EV001814; EV001821; EV001834; EV001836; EV001837; EV001845; EV001846; EV001865; EV001867; EV001870; EV001871; EV001881; EV001899",28,"High=186; Medium=42; Low=0","2个PROMOTES路径未连接动物体内VALIDATED_AT边。","该缺口仅衡量ValidationStage边，不等同于直接功能测量缺失。"
"D021","Endpoint validation coverage","RegenerativeEndpoint“Cartilage regeneration/chondroprotection”连接14个Study/Material，其中12个具有动物体内VALIDATED_AT边。","PROMOTES + optional VALIDATED_AT[Small Animal or Large Animal]",,"Lubricated hydrogel with STING-inhibiting EXOs; miR/PBNP@Gel nanozyme-reinforced miR-197-3p delivery hydrogel; Hydrogen-generating injectable short-fiber hydrogel; Plasmid-DNA/Tanshinone-IIA stem-cell-homing hydrogel; HPQ@K superlubricative drug-delivery nanoparticles; Lesion-localized hydrogels functionalized with engineered extracellular matrix; CAP-CD56+CD271+ BMSC-exosome-loaded PVA/SA hydrogel; Engineered anti-senescence tracheal graft; Autophagy-enhancing injectable hydrogel microspheres; miR-29b-5p-loaded stem-cell-homing hydrogel; SIRT1-activated-MSC gelatin hydrogel; Antibody-functionalized copper-sulfate nanoparticles; Chondrocyte-targeting exosome sustained-release platform; Alginate–strontium/metformin-hydrochloride hydrogel beads","FS0044; FS0077; FS0109; FS0130; FS0142; FS0279; FS0322; FS0374; FS0414; FS0696; FS0720; FS0765; FS0816; FS0928","EV000113; EV000114; EV000115; EV000116; EV000117; EV000118; EV000119; EV000120; EV000121; EV000122; EV000123; EV000124; EV000125; EV000126; EV000177; EV000178; EV000179; EV000180; EV000181; EV000261; EV000262; EV000263; EV000264; EV000265; EV000266; EV000267; EV000268; EV000323; EV000324; EV000325; EV000326; EV000327; EV000328; EV000329; EV000364; EV000365; EV000366; EV000367; EV000368; EV000369; EV000370; EV000371; EV000690; EV000691; EV000692; EV000693; EV000694; EV000695; EV000696; EV000697; EV000801; EV000802; EV000803; EV000804; EV000805; EV000806; EV000807; EV000808; EV000930; EV000931; EV000932; EV001064; EV001065; EV001066; EV001067; EV001068; EV001069; EV001460; EV001461; EV001462; EV001463; EV001464; EV001465; EV001466; EV001485; EV001486; EV001487; EV001488; EV001518; EV001519; EV001520; EV001521; EV001522; EV001523; EV001571; EV001572; EV001573; EV001574; EV001653; EV001654; EV001655; EV001656; EV001657; EV001658; EV001660; EV001735; EV001747; EV001748; EV001838; EV001879; EV001883",14,"High=82; Medium=18; Low=1","2个PROMOTES路径未连接动物体内VALIDATED_AT边。","该缺口仅衡量ValidationStage边，不等同于直接功能测量缺失。"
"D022","Functional-outcome query limitation","冻结图谱含107个带PROMOTES边的Study/Material，但ontology没有FunctionalOutcome实体类型或专用关系。","PROMOTES + VALIDATED_AT; ontology lacks FunctionalOutcome node type",,"MRRH@UB multilayer ROS-responsive hydrogel; CaH2-MN hierarchical calcium-hydride microneedle platform; CCM@CS-HG hydrogel; PAA–EDA-grafted porous PEEK scaffold; Lubricated hydrogel with STING-inhibiting EXOs; GO/FeSe2 bio-heterojunction; hZIF8/Mn-hCaO2 composite hydrogel; miR/PBNP@Gel nanozyme-reinforced miR-197-3p delivery hydrogel; 3D-printed PCL/nHA/SA/COL loaded with M2 macrophage-derived exosomes; GP@MgO asymmetric short-fiber aerogel; SP@V–C–gel engineered-microalgae DNA hydrogel; Hydrogen-generating injectable short-fiber hydrogel; YDC-Gel-Zn pseudo-mussel-foot-protein hydrogel adhesive; N/S@M@P NAD+/SBI nanocomposite hydrogel; Senomorphic Small Extracellular Vesicles Delivered by a Tissue-Adhesive α-Lipoic-Acid Hydrogel; GM-Gel glycyrrhizic-acid-microsphere-loaded GEP/chitosan hydrogel; Plasmid-DNA/Tanshinone-IIA stem-cell-homing hydrogel; Electrospun scaffold–bioreactor system; Electrostatically co-assembled extracellular-vesicle-infused hydrogel; A20-CRISPRa injectable microspheres; HPQ@K superlubricative drug-delivery nanoparticles; GEA/NGel senolysis-targeting bioenergetic nanoplatform; (ZIF-8@CeO2)@GOx-loaded sprayable GelMA hydrogel; GG-5SS strontium-silicate hydrogel scaffold; ABT-263-loaded asymmetric composite wound dressing; FGF-4/IGF-1-loaded cationic thermosensitive polymer scaffold; Zn@MOF-gel dual-polyphenol ECM-mimetic hydrogel; YBEV-loaded GelMA hydrogel; Pericyte-membrane-coated saMAT2A lipid nanoparticles; PEG-HS/TiO2 nanocomposite; Metformin-releasing polydopamine-coated TiO2-nanotube titanium implant; Smart spatiotemporal drug-delivery hydrogels; Functionalized 3D-printed Ti6Al4V cell-climbing-frame scaffold; PTHrP supramolecular-peptide-loaded dual-network hydrogel; Lesion-localized hydrogels functionalized with engineered extracellular matrix; Nanoceria-infused PCL nanofibrous scaffold; Orbital hybridization-mediated nanozymes; DASEA Regenbio bioreactor–microcarrier culture system; Ganoderma-lucidum-polysaccharide nanocomposite; GelMA@ZIF-8/PGE microsphere–hydrogel platform; MMZ@Si–P53 hydrogel; LINE1-ASO-loaded selectin-binding-peptide-engineered extracellular vesicles; rhCOL17-P334 conjugate; Magnesium-containing bioceramics stimulate exosomal miR-196a-5p secretion; TPG@ChSMA mitochondrial-targeted hydrogel; CAP-CD56+CD271+ BMSC-exosome-loaded PVA/SA hydrogel; ROS-scavenging mesoporous MOF nanoparticles; Senolytic intervention without an engineered carrier; Mitochondria-targeted MET-MA carbon dots; MOF-nanozyme-armored cryogel; MOTS-c-modified functional self-assembly peptide hydrogels; Injectable glycyrrhizic-acid hydrogel microspheres; BMSC-laden salidroside–collagen hybrid scaffold (BMSCs-SCOL); Multifunctional pH-responsive microneedles; Three-Dimensional Bioprinted Scaffolds Loaded with Multifunctional Magnesium-Based Metal-Organic Frameworks; Senescence-targeted NAD+-dependent SIRT1-activating nanoplatform; NADH-oxidase nanozyme; Inflammation-responsive biomimetic hybrid nanovesicles; Adhesive injectable NRF2-modulating hydrogel microspheres; Ultra-small quercetin nanotherapeutics; Engineered anti-senescence tracheal graft; Mitochondrial-metabolism/efferocytosis-modulating microcarriers; α-Arbutin-crosslinked chitosan/gelatin film; ER-targeted CRT derivative material; Enucleated-MSC-derived mitochondria-transfer microvesicles; rhBMP-2/rapamycin co-treatment without an engineered carrier; Quercetin-loaded homogeneous PLGA microspheres; Cordycepin-Loaded Dental Pulp Stem Cell-Derived Exosomes; Multimodal ROS-logic-gated therapeutic platform; PDA@RES NIR-responsive core–shell nanoplatform; Curcumin-loaded milk-sEV/platelet-membrane hybrid vesicles; Autophagy-enhancing injectable hydrogel microspheres; Voronoi-curvature scaffolds; Quercetin-loaded aligned-nanowire hydrogel; CeO2 nanozymes; Engineered extracellular vesicles; GBC@PNA sono-piezoelectric scaffold; TDN-miR-21-5p DNA tetrahedron nanocomplex; miR-17-5p-engineered-sEV/GelMA hydrogel; HydroWrap hydrogen-sulfide-delivery hydrogel; 3D-printed titanium scaffolds coated with a multifunctional photothermal-responsive hydrogel; EGCG@MAB hydrogel; Tannic-acid-loaded calcium-alginate/silk-fibroin-peptide/Bletilla-polysaccharide microspheres; Extracellular vesicles without an engineered carrier; ZIF-8/resveratrol nanoformulation; ADSC/acellular-dermal-matrix tissue-engineered membrane; α-Klotho gene-activated scaffold; Lycium barbarum-derived carbon dots; Quercetin/HA-loaded TG-18 hydrogel; miR-29b-5p-loaded stem-cell-homing hydrogel; QCS-OST@Exos self-healing hydrogel; Cerium-oxide-nanoparticle-carrying hUCMSCs; SIRT1-activated-MSC gelatin hydrogel; Gelatin-microcarrier-based MSC microtissues; Antibody-functionalized copper-sulfate nanoparticles; Calcium-silicate ion-releasing biomaterial; Cell-deposited extracellular matrix; ASD all-in-one smart hydrogel dressing; Chondrocyte-targeting exosome sustained-release platform; Nanocatalytic MOF-coated titanium implant; Human-iPSC-derived cell-engineered nanovesicles; GLRX3+ extracellular-vesicle redox-modulatory hydrogel; Alginate–strontium/metformin-hydrochloride hydrogel beads; Sandblasted/Acid-Etched Titanium Surface Modified with Calcium Phytate; Hairyvein-agrimony-nanovesicle-loaded microneedles; EMHS HxMoO3-loaded bone-targeting lipid nanoparticles; HPTC ECM-mimetic injectable hydrogel","FS0009; FS0026; FS0036; FS0043; FS0044; FS0048; FS0059; FS0077; FS0082; FS0093; FS0098; FS0109; FS0112; FS0113; FS0117; FS0122; FS0130; FS0134; FS0135; FS0136; FS0142; FS0184; FS0186; FS0188; FS0207; FS0213; FS0222; FS0226; FS0230; FS0238; FS0243; FS0248; FS0250; FS0270; FS0279; FS0282; FS0283; FS0290; FS0292; FS0295; FS0296; FS0303; FS0310; FS0311; FS0313; FS0322; FS0323; FS0324; FS0328; FS0329; FS0338; FS0341; FS0345; FS0346; FS0348; FS0350; FS0356; FS0362; FS0367; FS0371; FS0374; FS0376; FS0384; FS0385; FS0389; FS0391; FS0394; FS0397; FS0400; FS0402; FS0409; FS0414; FS0424; FS0433; FS0436; FS0449; FS0454; FS0460; FS0465; FS0472; FS0487; FS0490; FS0507; FS0516; FS0538; FS0580; FS0598; FS0624; FS0657; FS0696; FS0704; FS0709; FS0720; FS0738; FS0765; FS0783; FS0797; FS0810; FS0816; FS0834; FS0885; FS0913; FS0928; FS0970; FS1040; FS1052; FS1054","EV000016; EV000017; EV000018; EV000019; EV000020; EV000021; EV000022; EV000023; EV000024; EV000058; EV000059; EV000060; EV000061; EV000062; EV000063; EV000078; EV000079; EV000080; EV000081; EV000082; EV000083; EV000084; EV000085; EV000086; EV000087; EV000088; EV000089; EV000090; EV000106; EV000107; EV000108; EV000109; EV000110; EV000111; EV000112; EV000113; EV000114; EV000115; EV000116; EV000117; EV000118; EV000119; EV000120; EV000121; EV000122; EV000123; EV000124; EV000125; EV000126; EV000127; EV000128; EV000129; EV000130; EV000131; EV000132; EV000153; EV000154; EV000155; EV000156; EV000157; EV000177; EV000178; EV000179; EV000180; EV000181; EV000198; EV000199; EV000200; EV000201; EV000202; EV000203; EV000204; EV000205; EV000206; EV000207; EV000208; EV000225; EV000226; EV000227; EV000228; EV000229; EV000230; EV000232; EV000233; EV000238; EV000239; EV000240; EV000241; EV000242; EV000243; EV000261; EV000262; EV000263; EV000264; EV000265; EV000266; EV000267; EV000268; EV000275; EV000276; EV000277; EV000278; EV000279; EV000280; EV000281; EV000282; EV000283; EV000284; EV000285; EV000294; EV000295; EV000296; EV000297; EV000298; EV000299; EV000300; EV000302; EV000303; EV000304; EV000305; EV000306; EV000307; EV000308; EV000309; EV000310; EV000323; EV000324; EV000325; EV000326; EV000327; EV000328; EV000329; EV000343; EV000344; EV000345; EV000346; EV000347; EV000348; EV000349; EV000350; EV000351; EV000352; EV000353; EV000355; EV000356; EV000357; EV000358; EV000359; EV000360; EV000361; EV000362; EV000363; EV000364; EV000365; EV000366; EV000367; EV000368; EV000369; EV000370; EV000371; EV000459; EV000460; EV000461; EV000462; EV000463; EV000464; EV000465; EV000466; EV000467; EV000468; EV000469; EV000470; EV000471; EV000472; EV000473; EV000474; EV000475; EV000483; EV000484; EV000485; EV000486; EV000487; EV000488; EV000489; EV000515; EV000516; EV000517; EV000518; EV000519; EV000520; EV000521; EV000530; EV000531; EV000532; EV000533; EV000534; EV000535; EV000536; EV000537; EV000538; EV000539; EV000540; EV000547; EV000548; EV000549; EV000550; EV000551; EV000552; EV000553; EV000554; EV000565; EV000566; EV000567; EV000568; EV000569; EV000570; EV000571; EV000578; EV000579; EV000580; EV000581; EV000582; EV000583; EV000584; EV000585; EV000600; EV000601; EV000602; EV000603; EV000604; EV000605; EV000606; EV000608; EV000618; EV000619; EV000620; EV000621; EV000622; EV000623; EV000624; EV000625; EV000642; EV000643; EV000644; EV000645; EV000646; EV000647; EV000648; EV000649; EV000650; EV000651; EV000652; EV000653; EV000654; EV000673; EV000674; EV000675; EV000676; EV000678; EV000679; EV000680; EV000681; EV000690; EV000691; EV000692; EV000693; EV000694; EV000695; EV000696; EV000697; EV000698; EV000699; EV000700; EV000701; EV000702; EV000703; EV000704; EV000705; EV000706; EV000707; EV000708; EV000709; EV000710; EV000711; EV000712; EV000714; EV000715; EV000716; EV000717; EV000718; EV000719; EV000721; EV000722; EV000723; EV000724; EV000725; EV000726; EV000727; EV000728; EV000729; EV000730; EV000731; EV000732; EV000733; EV000734; EV000735; EV000736; EV000737; EV000738; EV000739; EV000740; EV000749; EV000750; EV000751; EV000752; EV000753; EV000754; EV000756; EV000771; EV000772; EV000773; EV000774; EV000775; EV000776; EV000777; EV000778; EV000779; EV000780; EV000781; EV000782; EV000783; EV000791; EV000792; EV000793; EV000794; EV000795; EV000796; EV000797; EV000798; EV000799; EV000800; EV000801; EV000802; EV000803; EV000804; EV000805; EV000806; EV000807; EV000808; EV000809; EV000810; EV000811; EV000812; EV000813; EV000814; EV000815; EV000816; EV000817; EV000818; EV000832; EV000833; EV000834; EV000835; EV000836; EV000837; EV000838; EV000839; EV000840; EV000841; EV000842; EV000843; EV000844; EV000845; EV000846; EV000847; EV000848; EV000849; EV000850; EV000851; EV000852; EV000853; EV000854; EV000855; EV000856; EV000857; EV000858; EV000859; EV000860; EV000861; EV000862; EV000863; EV000864; EV000865; EV000866; EV000867; EV000868; EV000869; EV000870; EV000871; EV000872; EV000873; EV000874; EV000875; EV000876; EV000877; EV000878; EV000879; EV000880; EV000881; EV000882; EV000883; EV000884; EV000885; EV000886; EV000887; EV000888; EV000898; EV000899; EV000900; EV000901; EV000902; EV000903; EV000904; EV000913; EV000914; EV000915; EV000916; EV000917; EV000918; EV000919; EV000920; EV000921; EV000922; EV000923; EV000924; EV000925; EV000926; EV000927; EV000928; EV000929; EV000930; EV000931; EV000932; EV000933; EV000934; EV000935; EV000936; EV000937; EV000938; EV000939; EV000940; EV000959; EV000960; EV000961; EV000962; EV000963; EV000964; EV000965; EV000966; EV000967; EV000968; EV000969; EV000970; EV000971; EV000972; EV000978; EV000979; EV000980; EV000981; EV000982; EV000983; EV000984; EV000985; EV000986; EV000987; EV000988; EV000989; EV000990; EV000991; EV001001; EV001002; EV001003; EV001004; EV001005; EV001006; EV001007; EV001008; EV001015; EV001016; EV001017; EV001018; EV001019; EV001020; EV001030; EV001031; EV001032; EV001033; EV001034; EV001035; EV001036; EV001037; EV001043; EV001044; EV001045; EV001046; EV001047; EV001048; EV001059; EV001060; EV001061; EV001062; EV001063; EV001064; EV001065; EV001066; EV001067; EV001068; EV001069; EV001079; EV001080; EV001081; EV001082; EV001099; EV001100; EV001101; EV001102; EV001103; EV001104; EV001105; EV001106; EV001107; EV001108; EV001109; EV001110; EV001111; EV001112; EV001113; EV001140; EV001141; EV001142; EV001143; EV001144; EV001145; EV001162; EV001163; EV001164; EV001165; EV001166; EV001167; EV001180; EV001181; EV001182; EV001199; EV001200; EV001201; EV001202; EV001203; EV001221; EV001222; EV001223; EV001224; EV001225; EV001226; EV001227; EV001228; EV001229; EV001241; EV001242; EV001243; EV001244; EV001245; EV001246; EV001247; EV001248; EV001249; EV001250; EV001251; EV001252; EV001253; EV001254; EV001255; EV001256; EV001257; EV001258; EV001259; EV001260; EV001261; EV001262; EV001263; EV001264; EV001278; EV001279; EV001280; EV001281; EV001282; EV001283; EV001284; EV001285; EV001286; EV001287; EV001288; EV001289; EV001298; EV001299; EV001300; EV001301; EV001302; EV001332; EV001333; EV001334; EV001335; EV001336; EV001337; EV001338; EV001339; EV001340; EV001341; EV001377; EV001378; EV001379; EV001383; EV001384; EV001385; EV001386; EV001387; EV001388; EV001389; EV001390; EV001392; EV001393; EV001394; EV001395; EV001396; EV001397; EV001436; EV001437; EV001439; EV001440; EV001441; EV001442; EV001443; EV001444; EV001445; EV001446; EV001460; EV001461; EV001462; EV001463; EV001464; EV001465; EV001466; EV001469; EV001470; EV001471; EV001472; EV001473; EV001474; EV001475; EV001476; EV001479; EV001480; EV001481; EV001482; EV001483; EV001484; EV001485; EV001486; EV001487; EV001488; EV001505; EV001506; EV001507; EV001508; EV001509; EV001510; EV001511; EV001512; EV001513; EV001518; EV001519; EV001520; EV001521; EV001522; EV001523; EV001533; EV001534; EV001535; EV001549; EV001550; EV001551; EV001552; EV001557; EV001558; EV001559; EV001560; EV001561; EV001562; EV001563; EV001564; EV001565; EV001566; EV001567; EV001568; EV001569; EV001570; EV001571; EV001572; EV001573; EV001574; EV001577; EV001578; EV001579; EV001580; EV001581; EV001582; EV001583; EV001584; EV001585; EV001616; EV001617; EV001618; EV001619; EV001633; EV001634; EV001635; EV001636; EV001637; EV001638; EV001639; EV001640; EV001653; EV001654; EV001655; EV001656; EV001657; EV001658; EV001660; EV001671; EV001672; EV001673; EV001674; EV001675; EV001685; EV001686; EV001687; EV001688; EV001689; EV001690; EV001691; EV001692; EV001693; EV001694; EV001695; EV001696; EV001697; EV001698; EV001699; EV001700; EV001701; EV001702; EV001703; EV001705; EV001706; EV001707; EV001708; EV001709; EV001710; EV001711; EV001712; EV001713; EV001715; EV001722; EV001727; EV001735; EV001738; EV001742; EV001746; EV001747; EV001748; EV001758; EV001759; EV001761; EV001764; EV001767; EV001768; EV001771; EV001773; EV001774; EV001775; EV001781; EV001782; EV001783; EV001784; EV001785; EV001786; EV001792; EV001793; EV001795; EV001798; EV001799; EV001804; EV001811; EV001813; EV001814; EV001817; EV001821; EV001824; EV001828; EV001829; EV001834; EV001835; EV001836; EV001837; EV001838; EV001841; EV001844; EV001845; EV001846; EV001851; EV001853; EV001854; EV001858; EV001859; EV001863; EV001865; EV001867; EV001868; EV001870; EV001871; EV001873; EV001874; EV001878; EV001879; EV001881; EV001882; EV001883; EV001884; EV001886; EV001897; EV001899; EV001904; EV001906",107,"High=687; Medium=152; Low=3","直接功能验证充分性不能由core ontology单独查询。","辅助分析仅可来自冻结master，不能表述为core KG relation。"
