"Gap_type","Record_ID","Material","Existing_relations","Missing_relation"
"TYPE_A","FS0038","Iron oxide nanoparticles-driven mitochondrial renewal","RESPONDS_TO + TARGETS","PROMOTES"
"TYPE_A","FS0056","Polyphenol-armored miR-140-5p nanogene-loaded bioadhesive hydrogel","RESPONDS_TO + TARGETS","PROMOTES"
"TYPE_A","FS0067","Asp10SAC4A supramolecular senolytic nanoplatform","RESPONDS_TO + TARGETS","PROMOTES"
"TYPE_A","FS0073","Self-powered triboelectric-responsive EV-releasing microneedles","RESPONDS_TO + TARGETS","PROMOTES"
"TYPE_A","FS0105","Locally activated TGF-β3/MgSi immunoregulatory nanofiber patch","RESPONDS_TO + TARGETS","PROMOTES"
"TYPE_A","FS0133","OGPQ/G-NZ quercetin–greigite nanozyme hydrogel","RESPONDS_TO + TARGETS","PROMOTES"
"TYPE_A","FS0147","TT@P-Gel hydrogel","RESPONDS_TO + TARGETS","PROMOTES"
"TYPE_A","FS0148","Se/PRP-OGel hydrogel","RESPONDS_TO + TARGETS","PROMOTES"
"TYPE_A","FS0166","IL37OI@MS responsive hydrogel microspheres","RESPONDS_TO + TARGETS","PROMOTES"
"TYPE_A","FS0173","Hydrogel-coated micro/nanostructured titanium implant","RESPONDS_TO + TARGETS","PROMOTES"
"TYPE_A","FS0178","D-EV-loaded thermosensitive injectable hydrogel","RESPONDS_TO + TARGETS","PROMOTES"
"TYPE_A","FS0183","ICAM1-directed MnO2@ZIF8/Tanshinone-IIA nanoplatform","RESPONDS_TO + TARGETS","PROMOTES"
"TYPE_A","FS0223","Fisetin-functionalized photoresponsive DNA nanocage","RESPONDS_TO + TARGETS","PROMOTES"
"TYPE_A","FS0232","GPQ pH-responsive anti-senescence hydrogel","RESPONDS_TO + TARGETS","PROMOTES"
"TYPE_A","FS0247","PCC1/PHCF-Gel senolytic hydrogel","RESPONDS_TO + TARGETS","PROMOTES"
"TYPE_A","FS0252","Immunomodulating regenerating hydrogel","RESPONDS_TO + TARGETS","PROMOTES"
"TYPE_A","FS0308","OSK-protein-delivery and inflammatory-niche-remodeling platform","RESPONDS_TO + TARGETS","PROMOTES"
"TYPE_A","FS0312","HG-QNT nanocomposite hydrogel","RESPONDS_TO + TARGETS","PROMOTES"
"TYPE_A","FS0392","Senolytic/proangiogenic smart hydrogel-coated implant","RESPONDS_TO + TARGETS","PROMOTES"
"TYPE_A","FS0399","FMAG nanoplatform","RESPONDS_TO + TARGETS","PROMOTES"
"TYPE_A","FS0419","Senile-osteoporosis titanium implant","RESPONDS_TO + TARGETS","PROMOTES"
"TYPE_A","FS0428","Self-healing hydrogels loaded with Spatholobi Caulis","RESPONDS_TO + TARGETS","PROMOTES"
"TYPE_A","FS0461","Active Magnesium Boride/Alginate Hydrogels","RESPONDS_TO + TARGETS","PROMOTES"
"TYPE_A","FS0462","LT-NPs nanoplatform","RESPONDS_TO + TARGETS","PROMOTES"
"TYPE_A","FS0534","F@GP galactose-modified Fe3O4-loaded PLGA nanoparticles","RESPONDS_TO + TARGETS","PROMOTES"
"TYPE_B","FS0062","A-Lipo/PAHM lesion-localized hydrogel microspheres","TARGETS + MODULATES","PROMOTES"
"TYPE_B","FS0090","TSH-Q quercetin-loaded temperature-sensitive hydrogel","TARGETS + MODULATES","PROMOTES"
"TYPE_B","FS0102","Porcine small-intestinal-submucosa extracellular-matrix scaffold","TARGETS + MODULATES","PROMOTES"
"TYPE_B","FS0111","Retinoic-acid-loaded cartilage organoids","TARGETS + MODULATES","PROMOTES"
"TYPE_B","FS0114","NH@K nanozyme-reinforced hydrogel","TARGETS + MODULATES","PROMOTES"
"TYPE_B","FS0124","Curcumin-loaded liposomes","TARGETS + MODULATES","PROMOTES"
"TYPE_B","FS0133","OGPQ/G-NZ quercetin–greigite nanozyme hydrogel","TARGETS + MODULATES","PROMOTES"
"TYPE_B","FS0147","TT@P-Gel hydrogel","TARGETS + MODULATES","PROMOTES"
"TYPE_B","FS0148","Se/PRP-OGel hydrogel","TARGETS + MODULATES","PROMOTES"
"TYPE_B","FS0166","IL37OI@MS responsive hydrogel microspheres","TARGETS + MODULATES","PROMOTES"
"TYPE_B","FS0168","SM@ME exosome-loaded methacrylated-silk-fibroin hydrogel","TARGETS + MODULATES","PROMOTES"
"TYPE_B","FS0173","Hydrogel-coated micro/nanostructured titanium implant","TARGETS + MODULATES","PROMOTES"
"TYPE_B","FS0178","D-EV-loaded thermosensitive injectable hydrogel","TARGETS + MODULATES","PROMOTES"
"TYPE_B","FS0187","Mn3O4-nanoparticle photothermal hydrogel","TARGETS + MODULATES","PROMOTES"
"TYPE_B","FS0196","Polyacrylamide/alginate viscoelastic hydrogel","TARGETS + MODULATES","PROMOTES"
"TYPE_B","FS0212","Prussian Blue nanoparticles","TARGETS + MODULATES","PROMOTES"
"TYPE_B","FS0234","Surface-elastic StG hydrogels","TARGETS + MODULATES","PROMOTES"
"TYPE_B","FS0239","FN9-10ELP extracellular-matrix-mimetic fusion protein","TARGETS + MODULATES","PROMOTES"
"TYPE_B","FS0244","Quercetin-treated human-auricular-chondrocyte/GelMA construct","TARGETS + MODULATES","PROMOTES"
"TYPE_B","FS0252","Immunomodulating regenerating hydrogel","TARGETS + MODULATES","PROMOTES"
"TYPE_B","FS0278","Synovium-targeting senolytic liposomes plus M2-macrophage exosomes","TARGETS + MODULATES","PROMOTES"
"TYPE_B","FS0306","MSC-educated tendon (METn) construct","TARGETS + MODULATES","PROMOTES"
"TYPE_B","FS0308","OSK-protein-delivery and inflammatory-niche-remodeling platform","TARGETS + MODULATES","PROMOTES"
"TYPE_B","FS0312","HG-QNT nanocomposite hydrogel","TARGETS + MODULATES","PROMOTES"
"TYPE_B","FS0326","AAV-loaded extracellular-vesicle biomimetic gene-delivery system","TARGETS + MODULATES","PROMOTES"
"TYPE_B","FS0382","Nanozyme-Integrated 3D-Printed Gradient Scaffold","TARGETS + MODULATES","PROMOTES"
"TYPE_B","FS0404","synFGF18 mRNA lipid nanoparticles","TARGETS + MODULATES","PROMOTES"
"TYPE_B","FS0428","Self-healing hydrogels loaded with Spatholobi Caulis","TARGETS + MODULATES","PROMOTES"
"TYPE_B","FS0430","HIF1A@NNP nanoplatform","TARGETS + MODULATES","PROMOTES"
"TYPE_B","FS0439","TA-PFC/PCK fiber scaffold","TARGETS + MODULATES","PROMOTES"
"TYPE_B","FS0446","Biomimetic hydrogel delivers engineered exosomes","TARGETS + MODULATES","PROMOTES"
"TYPE_B","FS0450","Collagen-coated polyacrylamide hydrogels","TARGETS + MODULATES","PROMOTES"
"TYPE_B","FS0461","Active Magnesium Boride/Alginate Hydrogels","TARGETS + MODULATES","PROMOTES"
"TYPE_B","FS0482","miR-146a-5p-engineered exosomes","TARGETS + MODULATES","PROMOTES"
"TYPE_B","FS0637","Microtopographic polymer substrates","TARGETS + MODULATES","PROMOTES"
"TYPE_B","FS0642","Baghdadite Ceramics","TARGETS + MODULATES","PROMOTES"
"TYPE_B","FS0788","Ruxolitinib-loaded hierarchically biomimetic nanostructural scaffold","TARGETS + MODULATES","PROMOTES"
"TYPE_B","FS0843","Extracellular-vesicle-conjugated functional-matrix hydrogel","TARGETS + MODULATES","PROMOTES"
"TYPE_B","FS0882","Tonsil-derived mesenchymal stem cells incorporated in reactive oxygen species-releasing hydrogel","TARGETS + MODULATES","PROMOTES"
"TYPE_B","FS0912","Dual-drug-encapsulated liposomal nanoparticles","TARGETS + MODULATES","PROMOTES"
"TYPE_B","FS0916","Honey-incorporated electrospun nanofiber membrane","TARGETS + MODULATES","PROMOTES"
"TYPE_B","FS1020","SRT1720-loaded calcium-phosphate/magnesium-phosphate nanocarriers","TARGETS + MODULATES","PROMOTES"
"TYPE_C","FS0044","Lubricated hydrogel with STING-inhibiting EXOs","DELIVERS + PROMOTES","MODULATES"
"TYPE_C","FS0117","Senomorphic Small Extracellular Vesicles Delivered by a Tissue-Adhesive α-Lipoic-Acid Hydrogel","DELIVERS + PROMOTES","MODULATES"
"TYPE_C","FS0134","Electrospun scaffold–bioreactor system","DELIVERS + PROMOTES","MODULATES"
"TYPE_C","FS0184","GEA/NGel senolysis-targeting bioenergetic nanoplatform","DELIVERS + PROMOTES","MODULATES"
"TYPE_C","FS0186","(ZIF-8@CeO2)@GOx-loaded sprayable GelMA hydrogel","DELIVERS + PROMOTES","MODULATES"
"TYPE_C","FS0213","FGF-4/IGF-1-loaded cationic thermosensitive polymer scaffold","DELIVERS + PROMOTES","MODULATES"
"TYPE_C","FS0295","GelMA@ZIF-8/PGE microsphere–hydrogel platform","DELIVERS + PROMOTES","MODULATES"
"TYPE_C","FS0313","TPG@ChSMA mitochondrial-targeted hydrogel","DELIVERS + PROMOTES","MODULATES"
"TYPE_C","FS0367","Adhesive injectable NRF2-modulating hydrogel microspheres","DELIVERS + PROMOTES","MODULATES"
"TYPE_C","FS0376","Mitochondrial-metabolism/efferocytosis-modulating microcarriers","DELIVERS + PROMOTES","MODULATES"
"TYPE_C","FS0389","Enucleated-MSC-derived mitochondria-transfer microvesicles","DELIVERS + PROMOTES","MODULATES"
"TYPE_C","FS0391","rhBMP-2/rapamycin co-treatment without an engineered carrier","DELIVERS + PROMOTES","MODULATES"
"TYPE_C","FS0394","Quercetin-loaded homogeneous PLGA microspheres","DELIVERS + PROMOTES","MODULATES"
"TYPE_C","FS0397","Cordycepin-Loaded Dental Pulp Stem Cell-Derived Exosomes","DELIVERS + PROMOTES","MODULATES"
"TYPE_C","FS0409","Curcumin-loaded milk-sEV/platelet-membrane hybrid vesicles","DELIVERS + PROMOTES","MODULATES"
"TYPE_C","FS0433","Quercetin-loaded aligned-nanowire hydrogel","DELIVERS + PROMOTES","MODULATES"
"TYPE_C","FS0507","Tannic-acid-loaded calcium-alginate/silk-fibroin-peptide/Bletilla-polysaccharide microspheres","DELIVERS + PROMOTES","MODULATES"
"TYPE_C","FS0538","ZIF-8/resveratrol nanoformulation","DELIVERS + PROMOTES","MODULATES"
"TYPE_C","FS0657","Quercetin/HA-loaded TG-18 hydrogel","DELIVERS + PROMOTES","MODULATES"
"TYPE_C","FS0810","ASD all-in-one smart hydrogel dressing","DELIVERS + PROMOTES","MODULATES"
"TYPE_C","FS1040","Hairyvein-agrimony-nanovesicle-loaded microneedles","DELIVERS + PROMOTES","MODULATES"
